Date,Closing,Open,High,Low
1-Jan-10,135.93,135.93,135.93,135.93
4-Jan-10,141.85,136,142.45,136
5-Jan-10,141,141.85,142.7,140.4
6-Jan-10,141.6,141.6,142.65,140.05
7-Jan-10,141.9,141.55,142.4,139.85
8-Jan-10,145.35,142.45,146,141.95
11-Jan-10,143.7,145.85,146.95,142.55
12-Jan-10,143.1,144,144.85,142.5
13-Jan-10,145.15,142.95,146.05,142.75
14-Jan-10,144.35,145.15,145.7,143.55
15-Jan-10,140.75,143.85,144.55,140.4
18-Jan-10,141.13,141.13,141.13,141.13
19-Jan-10,140.9,141,142.25,140.15
20-Jan-10,139.2,140.5,140.5,138.45
21-Jan-10,138.7,139.45,140.15,137.55
22-Jan-10,139.6,138.75,141.25,137.3
25-Jan-10,139.4,139.8,140.4,138.55
26-Jan-10,138.25,139.05,139.2,137
27-Jan-10,133.55,138,139,133.35
28-Jan-10,132.95,133.95,134.9,132.05
29-Jan-10,131.7,132.6,133.9,131.6
31-Jan-10,131.95,131.95,131.95,131.95
1-Feb-10,132.55,132,133.2,131.2
2-Feb-10,135.05,132.85,135.65,132.2
3-Feb-10,133,135.45,135.95,132.4
4-Feb-10,131.55,132.75,133.15,130.05
5-Feb-10,128.8,131.45,131.85,128.5
8-Feb-10,130.65,129.35,131.6,128.5
9-Feb-10,130.4,130.45,132.2,129.45
10-Feb-10,132.2,130.1,132.65,129.4
11-Feb-10,132.2,132.75,134.1,131.65
12-Feb-10,132.75,131.8,133.3,130
16-Feb-10,133.45,133.15,134.8,132
17-Feb-10,132.25,133.5,134,131.55
18-Feb-10,134.1,132.5,135,131.9
19-Feb-10,134.75,133.95,135.2,132.55
22-Feb-10,129.85,134.75,135.1,129.4
23-Feb-10,130.35,130.55,130.75,129.75
24-Feb-10,130.45,130.35,130.85,129.7
25-Feb-10,127.7,129.55,129.7,126.6
26-Feb-10,129.05,129.6,129.8,128.6
1-Mar-10,129.55,129.65,130.9,129.05
2-Mar-10,130.2,129.35,130.1,129
3-Mar-10,129.7,129.85,130.45,129.15
4-Mar-10,127.85,130,130,126.55
5-Mar-10,128,128.45,128.8,128
8-Mar-10,128.7,127.55,128.35,127.55
9-Mar-10,130.25,131.25,131.3,131.1
10-Mar-10,130.5,130.45,130.45,130.45
11-Mar-10,131.45,131,131.5,130.9
12-Mar-10,130.15,132.75,132.75,130.05
15-Mar-10,131.48,132.35,132.88,129.73
16-Mar-10,130.35,129,129,129
17-Mar-10,131.2,130.5,130.85,130.5
18-Mar-10,133.15,130.75,133.45,130.55
19-Mar-10,130.3,132.45,133,132.45
22-Mar-10,133,132.1,133.65,130.85
23-Mar-10,134.75,133,135,132.4
24-Mar-10,134.3,134.45,135.2,133.3
25-Mar-10,137,134.3,137.45,134.15
26-Mar-10,135.85,136.85,137.95,135.35
29-Mar-10,138.15,135.95,138.55,135.85
30-Mar-10,138.95,138.25,139,137.3
31-Mar-10,136.15,139,139.05,134.7
1-Apr-10,137.4,136.55,137.95,136.3
5-Apr-10,139.65,137.5,139.85,137.3
6-Apr-10,139.2,139.5,139.75,137.75
7-Apr-10,137.55,138.85,139.2,136.5
8-Apr-10,134.7,137.4,137.6,133.8
9-Apr-10,132.7,135.2,135.5,132.5
12-Apr-10,133.55,133.5,134.2,133.05
13-Apr-10,132.2,133.6,134.05,131.9
14-Apr-10,131.85,132.25,133.1,131.7
15-Apr-10,131.75,131.8,132.3,130.05
16-Apr-10,129.1,131.8,132.15,129
19-Apr-10,129,129.4,129.9,128.85
20-Apr-10,129.15,129.5,130.5,129
21-Apr-10,129.7,129.3,130.4,128.6
22-Apr-10,131.1,129.5,131.8,129.5
23-Apr-10,131.8,131.65,133.05,130.95
26-Apr-10,132.55,131.8,132.75,131.8
27-Apr-10,130.8,132.4,132.4,130.35
28-Apr-10,133.85,130.75,134.6,130.75
29-Apr-10,134.5,133.7,134.8,133.5
30-Apr-10,135.2,134.5,135.45,134.35
3-May-10,138.4,136.2,138.4,136.2
4-May-10,137.4,138.25,138.25,136.35
5-May-10,137.25,137.65,137.65,136.75
6-May-10,133.15,136.85,136.85,133
7-May-10,133,133.55,134,131.25
10-May-10,133.55,134,134,134
11-May-10,135.25,134.05,136.5,134.05
12-May-10,136.8,137.8,137.8,137.75
13-May-10,137.05,137.4,137.4,137.4
14-May-10,134.25,136.45,136.7,133.25
17-May-10,134.55,133.4,133.4,133
18-May-10,136.25,132.45,137.5,132.45
19-May-10,132.5,134,134,132.2
20-May-10,131.65,132.8,133.2,130.25
21-May-10,132.4,132.15,133.05,131.1
24-May-10,132.25,132.4,133,131.6
25-May-10,132.75,131.9,133.3,130.6
26-May-10,133.7,132.75,135.6,132.6
27-May-10,134.75,134,135.15,133.55
28-May-10,134.25,135,135.45,133.9
31-May-10,134.3,134.3,134.3,134.3
1-Jun-10,136.55,134,137.6,133.15
2-Jun-10,135.4,136.55,138.1,135.2
3-Jun-10,135.6,135.85,136.3,135
4-Jun-10,133.75,136.1,136.15,133.4
7-Jun-10,133.1,133.4,133.65,132.55
8-Jun-10,133.55,133.1,134.1,132.8
9-Jun-10,134.45,134,134.65,133.25
10-Jun-10,137,134.55,137.7,133.8
11-Jun-10,144.95,137,148.5,137
14-Jun-10,150.95,144.65,152.45,144.65
15-Jun-10,159.35,150.55,160.7,148
16-Jun-10,158.75,158.55,162.25,156.65
17-Jun-10,156.35,158.1,159.7,155.4
18-Jun-10,160.25,155.55,160.85,154.1
21-Jun-10,158.95,160.45,164.1,156.1
22-Jun-10,159.1,158.8,160.25,157.2
23-Jun-10,158.6,159.35,159.85,157.5
24-Jun-10,166.75,160.15,175,160.15
25-Jun-10,167,165.85,168.85,164.5
28-Jun-10,166.3,166.45,168,166
29-Jun-10,161.5,166.1,166.1,158.85
30-Jun-10,164.2,162.25,164.7,160
1-Jul-10,166.2,164.3,166.1,163.7
2-Jul-10,162.3,165.9,165.9,164.5
5-Jul-10,164.05,164.05,164.05,164.05
6-Jul-10,155.5,160.45,161,155
7-Jul-10,160.65,156,158,155.5
8-Jul-10,159.65,159.1,159.6,159.1
9-Jul-10,161.2,162.05,162.05,161.9
11-Jul-10,163.23,163.23,163.23,163.23
12-Jul-10,161.15,159.65,160,159.65
13-Jul-10,163.25,164.5,164.5,164.5
14-Jul-10,162.6,163,163,163
15-Jul-10,164.8,164.35,166.75,164.35
16-Jul-10,164.8,165,165,164.65
18-Jul-10,166.55,166.55,166.55,166.55
19-Jul-10,162,164.65,164.65,161.75
20-Jul-10,156.45,160.65,161.1,159.8
21-Jul-10,157.3,159.1,160.75,155.8
22-Jul-10,161.7,157.6,161.95,157.6
23-Jul-10,166,161.7,167.6,160.45
25-Jul-10,165.28,165.28,165.28,165.28
26-Jul-10,165.6,165.8,167.2,164.25
27-Jul-10,163.75,164.6,166.55,163.2
28-Jul-10,167.4,164.1,168.1,163.65
29-Jul-10,173.05,167.4,174.6,166.45
30-Jul-10,176.3,173.05,178.75,172.65
1-Aug-10,175.33,175.33,175.33,175.33
2-Aug-10,172.5,175.6,181.5,172.05
3-Aug-10,166.65,172.8,174.45,165.15
4-Aug-10,169.75,167.6,171.7,167.6
5-Aug-10,169.85,169.5,172.65,169.1
6-Aug-10,167.4,170.3,171.35,165.25
8-Aug-10,167.8,167.8,167.8,167.8
9-Aug-10,169.6,167.5,170.8,166.25
10-Aug-10,169.65,169.05,172,167.3
11-Aug-10,170.6,169.4,171.9,169.1
12-Aug-10,175.55,170.85,177.75,169.9
13-Aug-10,175.5,176,178.65,173.3
15-Aug-10,176.25,176.25,176.25,176.25
16-Aug-10,178.7,175,180.6,173.45
17-Aug-10,175.5,178.6,180.05,174.9
18-Aug-10,175.15,175.75,177,174.4
19-Aug-10,177.3,175.1,178.2,174.9
20-Aug-10,181.55,178,184.8,177.4
22-Aug-10,186.28,186.28,186.28,186.28
23-Aug-10,181.5,184.05,186.75,180.6
24-Aug-10,166.85,182,182,166.5
25-Aug-10,164.1,167.3,167.8,163.5
26-Aug-10,169.95,167,168.95,165.55
27-Aug-10,177.05,171,178.35,171
29-Aug-10,179.68,179.68,179.68,179.68
30-Aug-10,179.55,176.7,181.5,176.5
31-Aug-10,176.8,177.4,179.1,177.3
1-Sep-10,180.5,181.4,181.6,180
2-Sep-10,183.2,180.9,184.65,180.9
3-Sep-10,185.05,184.9,186.2,184.9
5-Sep-10,186.2,186.2,186.2,186.2
6-Sep-10,186.2,186.2,186.2,186.2
7-Sep-10,190.7,183.5,191.05,183.5
8-Sep-10,193.1,193.25,194.85,190.7
9-Sep-10,189.15,191.35,192,191
10-Sep-10,188.25,188.1,188.5,187
12-Sep-10,189.85,189.85,189.85,189.85
13-Sep-10,187.5,190,190,187.3
14-Sep-10,193.7,192.6,192.6,192.6
15-Sep-10,192.65,193.55,193.55,192
16-Sep-10,190.35,192.25,194.25,189.5
17-Sep-10,187.85,191.15,192.1,186.5
20-Sep-10,180.55,184.5,184.5,182.7
21-Sep-10,182.9,182.85,185.9,181.2
22-Sep-10,179.95,183.65,187.4,179.35
23-Sep-10,181.65,181,183.25,179.6
24-Sep-10,180.6,181.95,183.7,178.25
27-Sep-10,182.25,180.7,185,179.55
28-Sep-10,188.95,181.55,190.9,181.55
29-Sep-10,185.75,188.95,189.45,183.25
30-Sep-10,183.05,185.75,187.45,180.1
1-Oct-10,181.1,183.65,186.2,180.5
4-Oct-10,172.5,180.85,181.1,171.8
5-Oct-10,177,173.25,177.8,171.6
6-Oct-10,175.55,176.75,177.7,175.05
7-Oct-10,173.45,176.1,178.2,173.25
8-Oct-10,182.15,173.75,182.95,171.9
11-Oct-10,178.65,181.5,182.4,176.35
12-Oct-10,185.7,179.55,188,178.55
13-Oct-10,186.15,186.4,190.45,184.6
14-Oct-10,187.6,186.35,189.1,185.3
15-Oct-10,186.4,187.7,189.35,183.25
18-Oct-10,185.6,186.1,188.25,183.75
19-Oct-10,190.9,184.9,192.1,184.55
20-Oct-10,196.75,190,198.15,189.9
21-Oct-10,201,196,203.5,195.5
22-Oct-10,198.85,200.75,201.7,196
25-Oct-10,200.5,200.1,202.9,198.9
26-Oct-10,201.75,200.35,204.6,199.1
27-Oct-10,200.3,201.45,203.55,199.25
28-Oct-10,196.6,200,201.95,196.3
29-Oct-10,203.45,197.5,204,197.05
1-Nov-10,197.7,202.8,203.25,197.65
2-Nov-10,199.4,198.15,200.4,197.7
3-Nov-10,196.15,200,200.85,192.8
4-Nov-10,205.8,197.5,209.25,197.25
5-Nov-10,205.15,205,206.85,203.3
8-Nov-10,208.1,204.5,209.7,203.85
9-Nov-10,217.05,207.9,217.85,207.45
10-Nov-10,212.25,217.35,218.7,211.35
11-Nov-10,206.65,212.3,214.9,205.8
12-Nov-10,200.45,205.5,206.25,199.2
15-Nov-10,204.45,202.05,206.95,201.6
16-Nov-10,197.8,204.45,205.7,196.7
17-Nov-10,199.45,198.05,200.85,195.65
18-Nov-10,208.65,200,209.85,200
19-Nov-10,209.85,208.95,210.1,205.6
22-Nov-10,206.15,210.2,211.65,205
23-Nov-10,210.35,206,210.45,201.4
24-Nov-10,207.15,209.8,211.7,207
26-Nov-10,202.15,205.8,206.45,201
29-Nov-10,202.4,202.4,203.2,199
30-Nov-10,200.95,203.4,203.8,200
1-Dec-10,203.3,200.2,205.25,200
2-Dec-10,203.4,203.7,203.7,203
3-Dec-10,204.5,204.85,206.2,204.85
6-Dec-10,208.65,206.4,209,206.4
7-Dec-10,207.6,211.2,211.2,207.3
8-Dec-10,204.25,207,207,201.5
9-Dec-10,204.3,205.65,206.05,204.45
10-Dec-10,208.88,204.27,210.75,203.28
12-Dec-10,208.98,208.98,208.98,208.98
13-Dec-10,217.2,213.1,217.2,213.1
14-Dec-10,216.35,217.25,219.15,215.6
15-Dec-10,216.9,217.3,217.55,216.9
16-Dec-10,216.15,216,217,214.35
17-Dec-10,225.25,217.75,226.15,217.75
20-Dec-10,224.65,224.8,225.45,223.85
21-Dec-10,233.85,224.55,235.3,223.6
22-Dec-10,230.2,233.85,242.25,228.65
23-Dec-10,235.9,232.5,237.65,229.35
24-Dec-10,236.67,236.67,236.67,236.67
27-Dec-10,237.45,235.6,238.5,232.6
28-Dec-10,239.3,238.05,239.9,236.1
29-Dec-10,239.65,238.6,240.65,235.15
30-Dec-10,236.3,238.5,241.75,235.2
31-Dec-10,240.5,236.3,241.3,236.3
3-Jan-11,238.7,238.7,238.7,238.7
4-Jan-11,234.95,239,240.5,232
5-Jan-11,233,234.1,237.9,230
6-Jan-11,233,233.6,236.85,232.1
7-Jan-11,230.7,232.55,235.5,230.3
10-Jan-11,231.25,231.2,235.15,230.55
11-Jan-11,234.7,231.25,236.7,230.85
12-Jan-11,240.6,236.4,244.5,235.7
13-Jan-11,237.5,240.35,241.2,236.6
14-Jan-11,234.6,238,239.15,231.55
17-Jan-11,234.8,234.8,234.8,234.8
18-Jan-11,235.35,235.35,237.5,234.35
19-Jan-11,232.5,236,236.7,231.1
20-Jan-11,231.8,232.05,234.2,226.5
21-Jan-11,240.4,232.9,241.8,232.85
23-Jan-11,240.32,240.32,240.32,240.32
24-Jan-11,237.3,239.6,241,236.4
25-Jan-11,231.25,237.3,238.3,230.3
25-Jan-11,231.25,237.3,238.3,230.3
26-Jan-11,237.5,231.8,240.35,231.8
26-Jan-11,237.5,231.8,240.35,231.8
27-Jan-11,236.95,238.2,241.5,234.7
27-Jan-11,236.95,238.2,241.5,234.7
28-Jan-11,245,236.35,246.35,235.85
28-Jan-11,245,236.35,246.35,235.85
31-Jan-11,244.8,245.5,250.75,243.25
31-Jan-11,244.8,245.5,250.75,243.25
1-Feb-11,249.4,245.55,249.75,245.35
1-Feb-11,249.4,245.55,249.75,245.35
2-Feb-11,250.4,249.3,251.5,247.1
2-Feb-11,250.4,249.3,251.5,247.1
3-Feb-11,251.35,250.9,253.6,250.1
3-Feb-11,251.35,250.9,253.6,250.1
4-Feb-11,249.3,250,251.1,247.3
4-Feb-11,249.3,250,251.1,247.3
7-Feb-11,249.75,250.05,252,249.15
7-Feb-11,249.75,250.05,252,249.15
8-Feb-11,247.6,249.75,251.1,246.7
8-Feb-11,247.6,249.75,251.1,246.7
9-Feb-11,253.6,248.5,254.05,247.8
9-Feb-11,253.6,248.5,254.05,247.8
10-Feb-11,255.6,252.5,255.8,251.5
10-Feb-11,255.6,252.5,255.8,251.5
11-Feb-11,251.95,255.1,255.35,251.15
11-Feb-11,251.95,255.1,255.35,251.15
14-Feb-11,258.65,252.75,259.2,251.5
14-Feb-11,258.65,252.75,259.2,251.5
15-Feb-11,258.05,259.1,263.65,255.7
15-Feb-11,258.05,259.1,263.65,255.7
16-Feb-11,258.65,259.1,261.6,255.1
16-Feb-11,258.65,259.1,261.6,255.1
17-Feb-11,267.35,258.85,267.85,258.85
17-Feb-11,267.35,258.85,267.85,258.85
18-Feb-11,271.65,267.85,274,266.45
18-Feb-11,271.65,267.85,274,266.45
22-Feb-11,273.6,272.25,277,269.9
22-Feb-11,273.6,272.25,277,269.9
23-Feb-11,268.75,274.35,274.75,268
23-Feb-11,268.75,274.35,274.75,268
24-Feb-11,264.2,269,269,262
24-Feb-11,264.2,269,269,262
25-Feb-11,267.7,265.35,267.65,264.8
25-Feb-11,267.7,265.35,267.65,264.8
28-Feb-11,271.7,268.25,274.8,267.55
28-Feb-11,271.7,268.25,274.8,267.55
1-Mar-11,269.3,273.7,274.9,265.55
1-Mar-11,269.3,273.7,274.9,265.55
2-Mar-11,269.5,267.25,270.15,266
2-Mar-11,269.5,267.25,270.15,266
3-Mar-11,274.5,269.05,274.45,268.65
3-Mar-11,274.5,269.05,274.45,268.65
4-Mar-11,272.9,275,277.5,273.35
4-Mar-11,272.9,275,277.5,273.35
7-Mar-11,280.95,275,281.6,275
7-Mar-11,280.95,275,281.6,275
8-Mar-11,287.15,282.55,287,282.55
8-Mar-11,287.15,282.55,287,282.55
9-Mar-11,294.4,289,294.7,289
9-Mar-11,294.4,289,294.7,289
10-Mar-11,280.3,292.65,292.65,279.85
10-Mar-11,280.3,292.65,292.65,279.85
11-Mar-11,273.7,279.3,279.3,273.75
11-Mar-11,273.7,279.3,279.3,273.75
14-Mar-11,273.15,271.75,271.75,271.45
14-Mar-11,273.15,271.75,271.75,271.45
15-Mar-11,262.45,270.2,271,261.6
15-Mar-11,262.45,270.2,271,261.6
16-Mar-11,264.55,263,269.35,263
16-Mar-11,264.55,263,269.35,263
17-Mar-11,271.4,269.15,274.7,269.15
17-Mar-11,271.4,269.15,274.7,269.15
18-Mar-11,276.8,276.85,277.5,275
18-Mar-11,276.8,276.85,277.5,275
21-Mar-11,275.75,278.3,278.3,278.3
21-Mar-11,275.75,278.3,278.3,278.3
22-Mar-11,273.45,277.05,277.7,268.15
22-Mar-11,273.45,277.05,277.7,268.15
23-Mar-11,268.6,274.25,275.4,268.4
23-Mar-11,268.6,274.25,275.4,268.4
24-Mar-11,265.8,268.4,268.95,260.55
24-Mar-11,265.8,268.4,268.95,260.55
25-Mar-11,268.6,267.15,270,266.15
25-Mar-11,268.6,267.15,270,266.15
28-Mar-11,263.95,269.6,269.7,263.05
28-Mar-11,263.95,269.6,269.7,263.05
29-Mar-11,261.45,263.95,264,257.8
29-Mar-11,261.45,263.95,264,257.8
30-Mar-11,264.8,262.5,265.7,259.1
30-Mar-11,264.8,262.5,265.7,259.1
31-Mar-11,264.15,265.4,267.4,262.05
31-Mar-11,264.15,265.4,267.4,262.05
1-Apr-11,259.9,265.5,266.25,258.8
1-Apr-11,259.9,265.5,266.25,258.8
4-Apr-11,256.05,260.05,261,255.65
4-Apr-11,256.05,260.05,261,255.65
5-Apr-11,268.25,255.1,269.95,254.05
5-Apr-11,268.25,255.1,269.95,254.05
6-Apr-11,265.15,268.1,269.35,264.25
6-Apr-11,265.15,268.1,269.35,264.25
7-Apr-11,272.8,265.2,275.85,265.1
7-Apr-11,272.8,265.2,275.85,265.1
8-Apr-11,274.95,272.8,278.5,272.1
8-Apr-11,274.95,272.8,278.5,272.1
11-Apr-11,274.6,273.7,276.9,269.85
11-Apr-11,274.6,273.7,276.9,269.85
12-Apr-11,273.8,272.2,275.7,270.2
12-Apr-11,273.8,272.2,275.7,270.2
13-Apr-11,280.7,273.25,282.05,272.35
13-Apr-11,280.7,273.25,282.05,272.35
14-Apr-11,282.4,280.7,285,279.15
14-Apr-11,282.4,280.7,285,279.15
15-Apr-11,288.1,283.5,288.65,282.4
15-Apr-11,288.1,283.5,288.65,282.4
18-Apr-11,284.45,288.45,290.2,282.8
18-Apr-11,284.45,288.45,290.2,282.8
19-Apr-11,291.2,284.9,291.65,283.35
19-Apr-11,291.2,284.9,291.65,283.35
20-Apr-11,294.4,292.1,298.5,291.4
20-Apr-11,294.4,292.1,298.5,291.4
21-Apr-11,291.3,294.8,295.7,291.2
21-Apr-11,291.3,294.8,295.7,291.2
22-Apr-11,294.25,294.25,294.25,294.25
22-Apr-11,294.25,294.25,294.25,294.25
25-Apr-11,287.9,293.45,293.45,286.6
25-Apr-11,287.9,293.45,293.45,286.6
26-Apr-11,294.95,286.7,297,284.5
26-Apr-11,294.95,286.7,297,284.5
27-Apr-11,295.55,294.95,296.8,292.25
27-Apr-11,295.55,294.95,296.8,292.25
28-Apr-11,298.6,298.15,301.05,295.8
28-Apr-11,298.6,298.15,301.05,295.8
29-Apr-11,299.35,295.9,300,294.6
29-Apr-11,299.35,295.9,300,294.6
2-May-11,304.55,298.35,305.35,298.35
2-May-11,304.55,298.35,305.35,298.35
3-May-11,304.9,305,306.25,304
3-May-11,304.9,305,306.25,304
4-May-11,293.75,305.3,305.4,291.8
4-May-11,293.75,305.3,305.4,291.8
5-May-11,287.5,294.85,294.9,284.15
5-May-11,287.5,294.85,294.9,284.15
6-May-11,287.05,287.55,293.5,287
6-May-11,287.05,287.55,293.5,287
9-May-11,287.05,292.85,293,289.75
9-May-11,287.05,292.85,293,289.75
10-May-11,281.7,290.25,290.25,283.75
10-May-11,281.7,290.25,290.25,283.75
11-May-11,272.5,282.2,282.65,273.75
11-May-11,272.5,282.2,282.65,273.75
12-May-11,273.95,273.25,275.95,271.1
12-May-11,273.95,273.25,275.95,271.1
13-May-11,269.3,277.05,277.05,270
13-May-11,269.3,277.05,277.05,270
16-May-11,264,269,269,263.6
16-May-11,264,269,269,263.6
17-May-11,265.1,265,266.85,265
17-May-11,265.1,265,266.85,265
18-May-11,268.45,268,268,268
18-May-11,268.45,268,268,268
19-May-11,263.7,270.4,271.5,262.45
19-May-11,263.7,270.4,271.5,262.45
20-May-11,259.15,265,267.95,258.6
20-May-11,259.15,265,267.95,258.6
23-May-11,262.55,259.15,264.65,258.9
23-May-11,262.55,259.15,264.65,258.9
24-May-11,261.2,263.4,265.5,260.7
24-May-11,261.2,263.4,265.5,260.7
25-May-11,264.85,261.4,269.45,259
25-May-11,264.85,261.4,269.45,259
26-May-11,265.6,266.85,267.5,262.15
26-May-11,265.6,266.85,267.5,262.15
27-May-11,263.7,266.9,270.3,262.35
27-May-11,263.7,266.9,270.3,262.35
31-May-11,264.6,264.7,268.4,263.5
31-May-11,264.6,264.7,268.4,263.5
1-Jun-11,255.95,264.25,264.9,255.25
1-Jun-11,255.95,264.25,264.9,255.25
2-Jun-11,261.25,255.95,262.65,253.3
2-Jun-11,261.25,255.95,262.65,253.3
3-Jun-11,270.95,261.25,273.8,256.85
3-Jun-11,270.95,261.25,273.8,256.85
6-Jun-11,260.5,270.35,270.75,259.5
6-Jun-11,260.5,270.35,270.75,259.5
7-Jun-11,263,260,265.5,260
7-Jun-11,263,260,265.5,260
8-Jun-11,263.85,262.6,264.8,258
8-Jun-11,263.85,262.6,264.8,258
9-Jun-11,266.8,264.8,268.7,264.4
9-Jun-11,266.8,264.8,268.7,264.4
10-Jun-11,264.95,267.2,268.8,261.55
10-Jun-11,264.95,267.2,268.8,261.55
13-Jun-11,267.45,269.9,270.65,261.05
13-Jun-11,267.45,269.9,270.65,261.05
14-Jun-11,269.25,268.65,269.7,265
14-Jun-11,269.25,268.65,269.7,265
15-Jun-11,262.65,267.7,270,260.35
15-Jun-11,262.65,267.7,270,260.35
16-Jun-11,257.9,263,264.3,257.5
16-Jun-11,257.9,263,264.3,257.5
17-Jun-11,249.55,258.25,260.95,249.1
17-Jun-11,249.55,258.25,260.95,249.1
20-Jun-11,243.6,250.2,250.35,243.45
20-Jun-11,243.6,250.2,250.35,243.45
21-Jun-11,243.5,245,246.85,242.8
21-Jun-11,243.5,245,246.85,242.8
22-Jun-11,243.75,244.9,245.85,242.3
22-Jun-11,243.75,244.9,245.85,242.3
23-Jun-11,247.7,244.15,250.7,239.65
23-Jun-11,247.7,244.15,250.7,239.65
24-Jun-11,249,249.55,251,245.5
24-Jun-11,249,249.55,251,245.5
27-Jun-11,250.15,250.2,250.9,249.1
27-Jun-11,250.15,250.2,250.9,249.1
28-Jun-11,257.9,250.8,258.2,250
28-Jun-11,257.9,250.8,258.2,250
29-Jun-11,260.25,258.9,260.15,254
29-Jun-11,260.25,258.9,260.15,254
30-Jun-11,265.35,264.4,266.2,264.4
30-Jun-11,265.35,264.4,266.2,264.4
1-Jul-11,263.45,263.2,264.4,261.1
1-Jul-11,263.45,263.2,264.4,261.1
4-Jul-11,263.08,263.08,263.08,263.08
4-Jul-11,263.08,263.08,263.08,263.08
5-Jul-11,268.95,263.5,268.15,263.5
5-Jul-11,268.95,263.5,268.15,263.5
6-Jul-11,266.85,265.75,265.75,265.75
6-Jul-11,266.85,265.75,265.75,265.75
7-Jul-11,267.75,269.5,269.7,267.35
7-Jul-11,267.75,269.5,269.7,267.35
8-Jul-11,263.15,267.7,267.7,262.95
8-Jul-11,263.15,267.7,267.7,262.95
11-Jul-11,261.13,262.63,262.98,256.15
11-Jul-11,261.13,262.63,262.98,256.15
12-Jul-11,258.13,258.1,258.83,254.65
12-Jul-11,258.13,258.1,258.83,254.65
13-Jul-11,262.8,257.8,260.6,257.8
13-Jul-11,262.8,257.8,260.6,257.8
14-Jul-11,257.35,263.8,263.8,258.35
14-Jul-11,257.35,263.8,263.8,258.35
15-Jul-11,252.55,257.35,259.5,255
15-Jul-11,252.55,257.35,259.5,255
18-Jul-11,248.2,249,249.3,249
18-Jul-11,248.2,249,249.3,249
19-Jul-11,243.85,248.85,248.85,243.75
19-Jul-11,243.85,248.85,248.85,243.75
20-Jul-11,243.4,244.5,246.45,240.1
20-Jul-11,243.4,244.5,246.45,240.1
21-Jul-11,240.8,244.5,247.9,239.5
21-Jul-11,240.8,244.5,247.9,239.5
22-Jul-11,241.5,241.45,246.3,238
22-Jul-11,241.5,241.45,246.3,238
25-Jul-11,242.9,241.5,245,241.05
25-Jul-11,242.9,241.5,245,241.05
26-Jul-11,244.95,243.5,247.35,242.8
26-Jul-11,244.95,243.5,247.35,242.8
27-Jul-11,241.2,244.95,245.3,238.6
27-Jul-11,241.2,244.95,245.3,238.6
28-Jul-11,238.65,241.6,244.6,237.2
28-Jul-11,238.65,241.6,244.6,237.2
29-Jul-11,239.55,238.65,242.4,238.3
29-Jul-11,239.55,238.65,242.4,238.3
1-Aug-11,241.35,240.6,243.7,239.7
1-Aug-11,241.35,240.6,243.7,239.7
2-Aug-11,243.2,240.95,248.45,240.65
2-Aug-11,243.2,240.95,248.45,240.65
3-Aug-11,241.9,242.85,245.7,240.35
3-Aug-11,241.9,242.85,245.7,240.35
4-Aug-11,235.85,242.15,243.1,234.75
4-Aug-11,235.85,242.15,243.1,234.75
5-Aug-11,238,235.35,247.7,233.5
5-Aug-11,238,235.35,247.7,233.5
8-Aug-11,234.2,236.95,237,231.35
8-Aug-11,234.2,236.95,237,231.35
9-Aug-11,234.75,233.6,238.1,232.6
9-Aug-11,234.75,233.6,238.1,232.6
10-Aug-11,234.85,235.8,238.8,233.8
10-Aug-11,234.85,235.8,238.8,233.8
11-Aug-11,240.85,235.1,241.75,234.25
11-Aug-11,240.85,235.1,241.75,234.25
12-Aug-11,240.35,241,242.5,239.4
12-Aug-11,240.35,241,242.5,239.4
15-Aug-11,245.7,240.8,248.1,240.1
15-Aug-11,245.7,240.8,248.1,240.1
16-Aug-11,251.55,245.3,252,242
16-Aug-11,251.55,245.3,252,242
17-Aug-11,263.2,251.15,263.6,250.65
17-Aug-11,263.2,251.15,263.6,250.65
18-Aug-11,264.8,262.35,265,256.85
18-Aug-11,264.8,262.35,265,256.85
19-Aug-11,266.15,262.7,266.6,261.65
19-Aug-11,266.15,262.7,266.6,261.65
22-Aug-11,264.7,265,269.55,263.4
22-Aug-11,264.7,265,269.55,263.4
23-Aug-11,268.85,264.1,271.8,264.1
23-Aug-11,268.85,264.1,271.8,264.1
24-Aug-11,272.5,271,276.35,270.1
24-Aug-11,272.5,271,276.35,270.1
25-Aug-11,274.65,273.25,276.9,273.25
25-Aug-11,274.65,273.25,276.9,273.25
26-Aug-11,278.9,275.7,279.55,275.7
26-Aug-11,278.9,275.7,279.55,275.7
29-Aug-11,284.95,280.65,284.25,280
29-Aug-11,284.95,280.65,284.25,280
30-Aug-11,287.45,284.9,284.9,279.85
30-Aug-11,287.45,284.9,284.9,279.85
31-Aug-11,289.1,286.1,286.1,286.1
31-Aug-11,289.1,286.1,286.1,286.1
1-Sep-11,290.7,285.85,290.8,285.85
1-Sep-11,290.7,285.85,290.8,285.85
2-Sep-11,289.2,289,291.75,287.75
2-Sep-11,289.2,289,291.75,287.75
5-Sep-11,285.88,285.88,285.88,285.88
5-Sep-11,285.88,285.88,285.88,285.88
6-Sep-11,282.4,280.9,283.4,278.1
6-Sep-11,282.4,280.9,283.4,278.1
7-Sep-11,285.8,284.3,286,282.5
7-Sep-11,285.8,284.3,286,282.5
8-Sep-11,285.4,284.85,284.85,284.85
8-Sep-11,285.4,284.85,284.85,284.85
9-Sep-11,271.25,281.5,281.5,270.25
9-Sep-11,271.25,281.5,281.5,270.25
12-Sep-11,273.7,272.5,275.8,272.5
12-Sep-11,273.7,272.5,275.8,272.5
13-Sep-11,272.85,273.5,273.5,272.35
13-Sep-11,272.85,273.5,273.5,272.35
14-Sep-11,268.35,273.6,273.6,268.9
14-Sep-11,268.35,273.6,273.6,268.9
15-Sep-11,263.35,268.2,270.55,263.7
15-Sep-11,263.35,268.2,270.55,263.7
16-Sep-11,263,262.55,262.55,258.45
16-Sep-11,263,262.55,262.55,258.45
19-Sep-11,262.8,263,263,259.95
19-Sep-11,262.8,263,263,259.95
20-Sep-11,259.45,264.9,267.15,264.65
20-Sep-11,259.45,264.9,267.15,264.65
21-Sep-11,251.95,260.4,260.4,251.35
21-Sep-11,251.95,260.4,260.4,251.35
22-Sep-11,239.25,251,251,235.65
22-Sep-11,239.25,251,251,235.65
23-Sep-11,231.45,239.9,241.95,230.8
23-Sep-11,231.45,239.9,241.95,230.8
26-Sep-11,235.95,233,240.5,232
26-Sep-11,235.95,233,240.5,232
27-Sep-11,240.85,238.4,246.55,237.35
27-Sep-11,240.85,238.4,246.55,237.35
28-Sep-11,233.5,241.05,244.2,232.85
28-Sep-11,233.5,241.05,244.2,232.85
29-Sep-11,231.15,233.4,235.5,230.15
29-Sep-11,231.15,233.4,235.5,230.15
30-Sep-11,228.9,230.85,233.6,228.5
30-Sep-11,228.9,230.85,233.6,228.5
3-Oct-11,223.45,228.5,228.6,219.8
3-Oct-11,223.45,228.5,228.6,219.8
4-Oct-11,226.55,224.25,230.2,221.7
4-Oct-11,226.55,224.25,230.2,221.7
5-Oct-11,227.7,228,232,226.15
5-Oct-11,227.7,228,232,226.15
6-Oct-11,234.4,229,236.1,228.05
6-Oct-11,234.4,229,236.1,228.05
7-Oct-11,224.35,235.65,236,223.65
7-Oct-11,224.35,235.65,236,223.65
10-Oct-11,226.3,226,231.75,225.1
10-Oct-11,226.3,226,231.75,225.1
11-Oct-11,223.4,226.3,228.35,221.65
11-Oct-11,223.4,226.3,228.35,221.65
12-Oct-11,229.45,224,231.7,223.6
12-Oct-11,229.45,224,231.7,223.6
13-Oct-11,237.65,231.5,240.35,228.1
13-Oct-11,237.65,231.5,240.35,228.1
14-Oct-11,239.55,237.45,241.5,234.25
14-Oct-11,239.55,237.45,241.5,234.25
17-Oct-11,234,240.05,243.55,228.35
17-Oct-11,234,240.05,243.55,228.35
18-Oct-11,231.5,232.8,236,229.4
18-Oct-11,231.5,232.8,236,229.4
19-Oct-11,236.15,231.25,239.25,230.9
19-Oct-11,236.15,231.25,239.25,230.9
20-Oct-11,231.65,234.4,236.85,229.7
20-Oct-11,231.65,234.4,236.85,229.7
21-Oct-11,244.85,233.65,246.7,233.2
21-Oct-11,244.85,233.65,246.7,233.2
24-Oct-11,250.8,245.45,251.5,243.1
24-Oct-11,250.8,245.45,251.5,243.1
25-Oct-11,236.55,251.25,252.5,235.6
25-Oct-11,236.55,251.25,252.5,235.6
26-Oct-11,233.7,236.8,240.5,231.9
26-Oct-11,233.7,236.8,240.5,231.9
27-Oct-11,234.6,234,240.95,234
27-Oct-11,234.6,234,240.95,234
28-Oct-11,235.15,234.6,236.7,232.1
28-Oct-11,235.15,234.6,236.7,232.1
31-Oct-11,226.95,233,233.5,225.35
31-Oct-11,226.95,233,233.5,225.35
1-Nov-11,223.65,226.4,226.4,220.45
1-Nov-11,223.65,226.4,226.4,220.45
2-Nov-11,224,225.4,227.5,223
2-Nov-11,224,225.4,227.5,223
3-Nov-11,226.8,223.25,230.1,223.25
3-Nov-11,226.8,223.25,230.1,223.25
4-Nov-11,230.2,227.5,231.4,224.25
4-Nov-11,230.2,227.5,231.4,224.25
7-Nov-11,233,230.2,236.8,228.65
7-Nov-11,233,230.2,236.8,228.65
8-Nov-11,229.6,234.9,237.3,228.7
8-Nov-11,229.6,234.9,237.3,228.7
9-Nov-11,230.2,230.4,231.45,226.95
9-Nov-11,230.2,230.4,231.45,226.95
10-Nov-11,230,229.05,232.8,227.75
10-Nov-11,230,229.05,232.8,227.75
11-Nov-11,233.95,230.7,235.05,229.25
11-Nov-11,233.95,230.7,235.05,229.25
14-Nov-11,230.95,237.3,238.35,228.1
14-Nov-11,230.95,237.3,238.35,228.1
15-Nov-11,239.5,233.15,240,230.4
15-Nov-11,239.5,233.15,240,230.4
16-Nov-11,235.75,237.55,238.5,235.1
16-Nov-11,235.75,237.55,238.5,235.1
17-Nov-11,232.15,235,236.25,231.3
17-Nov-11,232.15,235,236.25,231.3
18-Nov-11,234.2,231.75,236,231.6
18-Nov-11,234.2,231.75,236,231.6
21-Nov-11,232.2,233.7,234.5,231.95
21-Nov-11,232.2,233.7,234.5,231.95
22-Nov-11,232.9,233.5,233.8,230.85
22-Nov-11,232.9,233.5,233.8,230.85
23-Nov-11,231.6,231.2,236.6,230.25
23-Nov-11,231.6,231.2,236.6,230.25
25-Nov-11,229.6,231,231.45,229.5
25-Nov-11,229.6,231,231.45,229.5
28-Nov-11,224.7,231.2,234,224.4
28-Nov-11,224.7,231.2,234,224.4
29-Nov-11,225.25,226,228.5,224.2
29-Nov-11,225.25,226,228.5,224.2
30-Nov-11,233.8,225,232.9,225
30-Nov-11,233.8,225,232.9,225
1-Dec-11,233.2,233.2,235.7,231.55
1-Dec-11,233.2,233.2,235.7,231.55
2-Dec-11,227.15,234,234,223.9
2-Dec-11,227.15,234,234,223.9
5-Dec-11,233.95,229.4,235.2,228.5
5-Dec-11,233.95,229.4,235.2,228.5
6-Dec-11,232.85,232.25,233.7,230.1
6-Dec-11,232.85,232.25,233.7,230.1
7-Dec-11,226.75,231.7,231.7,226.9
7-Dec-11,226.75,231.7,231.7,226.9
8-Dec-11,225.7,226.4,227.35,225.4
8-Dec-11,225.7,226.4,227.35,225.4
9-Dec-11,224.65,225.5,226,225.5
9-Dec-11,224.65,225.5,226,225.5
11-Dec-11,227.05,227.05,227.05,227.05
11-Dec-11,227.05,227.05,227.05,227.05
12-Dec-11,218.5,224,224,218
12-Dec-11,218.5,224,224,218
13-Dec-11,218.65,221,221,219.15
13-Dec-11,218.65,221,221,219.15
14-Dec-11,215.1,219.25,219.25,213.5
14-Dec-11,215.1,219.25,219.25,213.5
15-Dec-11,213.75,215,215,215
15-Dec-11,213.75,215,215,215
16-Dec-11,210.95,213.4,214.25,213.4
16-Dec-11,210.95,213.4,214.25,213.4
19-Dec-11,219.8,215.6,219.8,212.38
19-Dec-11,219.8,215.6,219.8,212.38
20-Dec-11,222.8,220,224.05,219
20-Dec-11,222.8,220,224.05,219
21-Dec-11,219.9,222.1,222.8,218.5
21-Dec-11,219.9,222.1,222.8,218.5
22-Dec-11,221.4,219.7,223.4,218.65
22-Dec-11,221.4,219.7,223.4,218.65
23-Dec-11,219.65,220.9,222.85,217.4
23-Dec-11,219.65,220.9,222.85,217.4
25-Dec-11,217.88,217.88,217.88,217.88
25-Dec-11,217.88,217.88,217.88,217.88
26-Dec-11,217.88,217.88,217.88,217.88
26-Dec-11,217.88,217.88,217.88,217.88
27-Dec-11,222.85,218.35,223,218.35
27-Dec-11,222.85,218.35,223,218.35
28-Dec-11,226.75,221.9,229.3,221
28-Dec-11,226.75,221.9,229.3,221
29-Dec-11,224.25,225.75,227.2,224.1
29-Dec-11,224.25,225.75,227.2,224.1
30-Dec-11,226.85,224.45,227.6,224.2
30-Dec-11,226.85,224.45,227.6,224.2
2-Jan-12,226.75,226.75,226.75,226.75
2-Jan-12,226.75,226.75,226.75,226.75
3-Jan-12,227.2,226.85,228,222.4
3-Jan-12,227.2,226.85,228,222.4
4-Jan-12,226.7,226,229.15,224.4
4-Jan-12,226.7,226,229.15,224.4
5-Jan-12,219.55,225.45,225.8,217.55
5-Jan-12,219.55,225.45,225.8,217.55
6-Jan-12,221.75,219,222.4,216.6
6-Jan-12,221.75,219,222.4,216.6
9-Jan-12,221.85,220.75,224.5,217.6
9-Jan-12,221.85,220.75,224.5,217.6
10-Jan-12,225.95,221.5,226.1,221.15
10-Jan-12,225.95,221.5,226.1,221.15
11-Jan-12,234.9,225.25,235.2,224.15
11-Jan-12,234.9,225.25,235.2,224.15
12-Jan-12,233.9,233.8,238.5,231.85
12-Jan-12,233.9,233.8,238.5,231.85
13-Jan-12,225.25,233.6,236.4,224.5
13-Jan-12,225.25,233.6,236.4,224.5
17-Jan-12,225.15,225.45,229.25,221.1
17-Jan-12,225.15,225.45,229.25,221.1
18-Jan-12,224.85,225.95,227,222.25
18-Jan-12,224.85,225.95,227,222.25
19-Jan-12,226.65,224.25,227.8,223.35
19-Jan-12,226.65,224.25,227.8,223.35
20-Jan-12,225.4,225.5,228.65,224.1
20-Jan-12,225.4,225.5,228.65,224.1
23-Jan-12,219.45,223.9,225,217.85
23-Jan-12,219.45,223.9,225,217.85
24-Jan-12,220.45,219.75,221.3,217.55
24-Jan-12,220.45,219.75,221.3,217.55
25-Jan-12,217.2,220.25,221.9,216.8
25-Jan-12,217.2,220.25,221.9,216.8
26-Jan-12,219.7,218.5,221.5,217.25
26-Jan-12,219.7,218.5,221.5,217.25
27-Jan-12,217.35,219.65,220.2,216.9
27-Jan-12,217.35,219.65,220.2,216.9
30-Jan-12,216.6,216.75,217.3,215
30-Jan-12,216.6,216.75,217.3,215
31-Jan-12,215.05,217,219.65,213.1
31-Jan-12,215.05,217,219.65,213.1
1-Feb-12,214.1,214.5,215.9,213.2
1-Feb-12,214.1,214.5,215.9,213.2
2-Feb-12,215.6,214,216.15,210.95
2-Feb-12,215.6,214,216.15,210.95
3-Feb-12,215.95,215.8,218.95,214.6
3-Feb-12,215.95,215.8,218.95,214.6
6-Feb-12,218.8,215,219.8,213.05
6-Feb-12,218.8,215,219.8,213.05
7-Feb-12,220.95,219.1,222.45,215.8
7-Feb-12,220.95,219.1,222.45,215.8
8-Feb-12,220.05,220.9,222.3,219.15
8-Feb-12,220.05,220.9,222.3,219.15
9-Feb-12,216,220.6,222.15,214.75
9-Feb-12,216,220.6,222.15,214.75
10-Feb-12,215.3,216,218,214.45
10-Feb-12,215.3,216,218,214.45
13-Feb-12,212.3,216,217.6,210
13-Feb-12,212.3,216,217.6,210
14-Feb-12,204.2,212.15,213.3,203.25
14-Feb-12,204.2,212.15,213.3,203.25
15-Feb-12,200.4,204.5,205.9,198.3
15-Feb-12,200.4,204.5,205.9,198.3
16-Feb-12,199.3,201.15,202.25,195.9
16-Feb-12,199.3,201.15,202.25,195.9
17-Feb-12,200.05,200.2,201,198.5
17-Feb-12,200.05,200.2,201,198.5
21-Feb-12,204.65,199.75,205,199
21-Feb-12,204.65,199.75,205,199
22-Feb-12,200.75,204,205.1,200.35
22-Feb-12,200.75,204,205.1,200.35
23-Feb-12,202,200.85,205.35,200.85
23-Feb-12,202,200.85,205.35,200.85
24-Feb-12,203.25,202,203.9,202
24-Feb-12,203.25,202,203.9,202
27-Feb-12,204.45,202.8,204.5,201.5
27-Feb-12,204.45,202.8,204.5,201.5
28-Feb-12,206.15,204.45,206.25,202.35
28-Feb-12,206.15,204.45,206.25,202.35
29-Feb-12,203.15,205.8,205.8,201.55
29-Feb-12,203.15,205.8,205.8,201.55
1-Mar-12,204,203.15,203.15,202.25
1-Mar-12,204,203.15,203.15,202.25
2-Mar-12,201.65,202.85,202.85,200.9
2-Mar-12,201.65,202.85,202.85,200.9
5-Mar-12,201.5,198.05,200.3,198.05
5-Mar-12,201.5,198.05,200.3,198.05
6-Mar-12,192.95,200.85,200.85,195.5
6-Mar-12,192.95,200.85,200.85,195.5
7-Mar-12,188.4,193.3,194.15,186.4
7-Mar-12,188.4,193.3,194.15,186.4
8-Mar-12,189.35,189.7,191.7,186.7
8-Mar-12,189.35,189.7,191.7,186.7
9-Mar-12,185.6,186.3,186.3,186
9-Mar-12,185.6,186.3,186.3,186
12-Mar-12,182.6,184.35,184.35,181.8
12-Mar-12,182.6,184.35,184.35,181.8
13-Mar-12,185.35,183,184,183
13-Mar-12,185.35,183,184,183
14-Mar-12,182.9,185.73,186.2,182.68
14-Mar-12,182.9,185.73,186.2,182.68
15-Mar-12,184.45,184.25,184.25,184.25
15-Mar-12,184.45,184.25,184.25,184.25
16-Mar-12,183.15,185.13,186.38,181.88
16-Mar-12,183.15,185.13,186.38,181.88
19-Mar-12,182.5,183.9,184.8,183.05
19-Mar-12,182.5,183.9,184.8,183.05
20-Mar-12,183.1,182.75,185.1,182.75
20-Mar-12,183.1,182.75,185.1,182.75
21-Mar-12,184.7,183.5,188.45,182.5
21-Mar-12,184.7,183.5,188.45,182.5
22-Mar-12,176.95,184.15,185.3,174.45
22-Mar-12,176.95,184.15,185.3,174.45
23-Mar-12,178.75,176.25,179.25,175.25
23-Mar-12,178.75,176.25,179.25,175.25
26-Mar-12,178.8,178.25,180.4,177.7
26-Mar-12,178.8,178.25,180.4,177.7
27-Mar-12,187.35,178.8,187.65,178.8
27-Mar-12,187.35,178.8,187.65,178.8
28-Mar-12,182,186.9,187.85,181.25
28-Mar-12,182,186.9,187.85,181.25
29-Mar-12,176.45,181.5,183.25,175.9
29-Mar-12,176.45,181.5,183.25,175.9
30-Mar-12,182.45,177.15,184.05,177.1
30-Mar-12,182.45,177.15,184.05,177.1
2-Apr-12,186.2,182.5,186.9,180.3
2-Apr-12,186.2,182.5,186.9,180.3
3-Apr-12,185.35,185.9,185.9,182.35
3-Apr-12,185.35,185.9,185.9,182.35
4-Apr-12,184.75,184,190.45,178.7
4-Apr-12,184.75,184,190.45,178.7
5-Apr-12,183,184,185,180.95
5-Apr-12,183,184,185,180.95
9-Apr-12,178.05,182.85,183.6,177.55
9-Apr-12,178.05,182.85,183.6,177.55
10-Apr-12,178.15,178.5,182.35,177.75
10-Apr-12,178.15,178.5,182.35,177.75
11-Apr-12,180.65,178.1,182.95,177.9
11-Apr-12,180.65,178.1,182.95,177.9
12-Apr-12,182.9,181.05,183.3,178.9
12-Apr-12,182.9,181.05,183.3,178.9
13-Apr-12,179.2,182.05,186.4,178.15
13-Apr-12,179.2,182.05,186.4,178.15
16-Apr-12,174.7,179.3,180,172.65
16-Apr-12,174.7,179.3,180,172.65
17-Apr-12,173.05,175.55,177.3,172.45
17-Apr-12,173.05,175.55,177.3,172.45
18-Apr-12,172.65,173.05,174,171.9
18-Apr-12,172.65,173.05,174,171.9
19-Apr-12,173.65,172.05,175,172.05
19-Apr-12,173.65,172.05,175,172.05
20-Apr-12,177.7,173.55,178.4,173.55
20-Apr-12,177.7,173.55,178.4,173.55
23-Apr-12,177.7,177.5,178.4,176.1
23-Apr-12,177.7,177.5,178.4,176.1
24-Apr-12,182.5,178.45,183,178.45
24-Apr-12,182.5,178.45,183,178.45
25-Apr-12,175.95,184.15,184.25,174.9
25-Apr-12,175.95,184.15,184.25,174.9
26-Apr-12,174.7,176,176.35,174.75
26-Apr-12,174.7,176,176.35,174.75
27-Apr-12,175,174.7,176,174.7
27-Apr-12,175,174.7,176,174.7
30-Apr-12,177.95,175.4,178.6,174.75
30-Apr-12,177.95,175.4,178.6,174.75
1-May-12,182.85,176,180.8,176
1-May-12,182.85,176,180.8,176
2-May-12,181.3,182.9,182.9,182.45
2-May-12,181.3,182.9,182.9,182.45
3-May-12,174.3,181.05,181.05,174.65
3-May-12,174.3,181.05,181.05,174.65
4-May-12,173.5,175.4,175.45,173.4
4-May-12,173.5,175.4,175.45,173.4
7-May-12,174.15,173.8,174.35,173.5
7-May-12,174.15,173.8,174.35,173.5
8-May-12,175.15,173.75,175.2,173.5
8-May-12,175.15,173.75,175.2,173.5
9-May-12,175.15,176.8,176.8,172.9
9-May-12,175.15,176.8,176.8,172.9
10-May-12,177.88,175.65,179.57,175
10-May-12,177.88,175.65,179.57,175
11-May-12,176.55,179.25,179.25,179
11-May-12,176.55,179.25,179.25,179
14-May-12,177.4,173.7,174.5,173.6
14-May-12,177.4,173.7,174.5,173.6
15-May-12,177.25,178.15,181.57,177.07
15-May-12,177.25,178.15,181.57,177.07
16-May-12,177.4,178.8,178.8,178.8
16-May-12,177.4,178.8,178.8,178.8
17-May-12,178.65,177.9,179,177.1
17-May-12,178.65,177.9,179,177.1
18-May-12,177.95,178.6,181.77,177.75
18-May-12,177.95,178.6,181.77,177.75
21-May-12,175.15,179,181.35,174.3
21-May-12,175.15,179,181.35,174.3
22-May-12,174.5,176,177,172.85
22-May-12,174.5,176,177,172.85
23-May-12,166.9,173.5,173.5,165.1
23-May-12,166.9,173.5,173.5,165.1
24-May-12,166.9,167,169.6,165.3
24-May-12,166.9,167,169.6,165.3
25-May-12,167.8,166.45,168.55,165.45
25-May-12,167.8,166.45,168.55,165.45
29-May-12,165.4,168.45,169.45,164.75
29-May-12,165.4,168.45,169.45,164.75
30-May-12,164.4,165.4,166.4,162.3
30-May-12,164.4,165.4,166.4,162.3
31-May-12,160.65,164.2,165.45,160.15
31-May-12,160.65,164.2,165.45,160.15
1-Jun-12,157.5,160.65,161.25,156.5
1-Jun-12,157.5,160.65,161.25,156.5
4-Jun-12,158.45,157.9,158.95,154.65
4-Jun-12,158.45,157.9,158.95,154.65
5-Jun-12,156.2,158,159.35,155.9
5-Jun-12,156.2,158,159.35,155.9
6-Jun-12,155.9,156.45,158.9,155.5
6-Jun-12,155.9,156.45,158.9,155.5
7-Jun-12,156.65,156.2,158.1,154.25
7-Jun-12,156.65,156.2,158.1,154.25
8-Jun-12,155.6,156.65,157.7,154.6
8-Jun-12,155.6,156.65,157.7,154.6
11-Jun-12,155.1,155.7,157.9,153.7
11-Jun-12,155.1,155.7,157.9,153.7
12-Jun-12,154.2,154.5,155.5,153.3
12-Jun-12,154.2,154.5,155.5,153.3
13-Jun-12,152.5,154.55,155.15,151.85
13-Jun-12,152.5,154.55,155.15,151.85
14-Jun-12,149.2,152.3,152.3,148.85
14-Jun-12,149.2,152.3,152.3,148.85
15-Jun-12,150.05,149.5,151.2,149.25
15-Jun-12,150.05,149.5,151.2,149.25
18-Jun-12,149.55,150.7,150.9,148.2
18-Jun-12,149.55,150.7,150.9,148.2
19-Jun-12,156.6,149.7,156.7,148.55
19-Jun-12,156.6,149.7,156.7,148.55
20-Jun-12,150.75,156,159.15,150
20-Jun-12,150.75,156,159.15,150
21-Jun-12,157.75,150.75,158.15,150
21-Jun-12,157.75,150.75,158.15,150
22-Jun-12,155.15,158.15,158.15,152.5
22-Jun-12,155.15,158.15,158.15,152.5
25-Jun-12,158.7,154.7,159,153.75
25-Jun-12,158.7,154.7,159,153.75
26-Jun-12,165.4,159,165.3,157.35
26-Jun-12,165.4,159,165.3,157.35
27-Jun-12,164.5,164.95,168.1,163.4
27-Jun-12,164.5,164.95,168.1,163.4
28-Jun-12,163,163.2,163.35,161
28-Jun-12,163,163.2,163.35,161
29-Jun-12,170.1,164,168.6,164
29-Jun-12,170.1,164,168.6,164
1-Jul-12,170.85,170.85,170.85,170.85
1-Jul-12,170.85,170.85,170.85,170.85
2-Jul-12,174.3,172.8,172.95,172.5
2-Jul-12,174.3,172.8,172.95,172.5
3-Jul-12,180.1,175,179.75,174.8
3-Jul-12,180.1,175,179.75,174.8
5-Jul-12,179.25,180,184.8,178.25
5-Jul-12,179.25,180,184.8,178.25
6-Jul-12,175.9,179.35,179.75,177.15
6-Jul-12,175.9,179.35,179.75,177.15
9-Jul-12,181.75,176.9,181.1,176.9
9-Jul-12,181.75,176.9,181.1,176.9
10-Jul-12,183.75,181.05,182.05,181.05
10-Jul-12,183.75,181.05,182.05,181.05
11-Jul-12,182.7,183.6,190.35,183.6
11-Jul-12,182.7,183.6,190.35,183.6
12-Jul-12,181.15,181.75,182.15,179.05
12-Jul-12,181.15,181.75,182.15,179.05
13-Jul-12,184.45,184.15,184.25,184.15
13-Jul-12,184.45,184.15,184.25,184.15
16-Jul-12,182.55,186.8,186.8,180.6
16-Jul-12,182.55,186.8,186.8,180.6
17-Jul-12,180.75,182.15,182.15,180.7
17-Jul-12,180.75,182.15,182.15,180.7
18-Jul-12,181.4,182,182,179.9
18-Jul-12,181.4,182,182,179.9
19-Jul-12,188.77,182.6,189.38,182.1
19-Jul-12,188.77,182.6,189.38,182.1
20-Jul-12,186.95,188.9,190.85,186.1
20-Jul-12,186.95,188.9,190.85,186.1
23-Jul-12,185.1,185.85,186.4,183.1
23-Jul-12,185.1,185.85,186.4,183.1
24-Jul-12,175.45,184.4,185.45,173.7
24-Jul-12,175.45,184.4,185.45,173.7
25-Jul-12,176.3,175.45,178.45,174
25-Jul-12,176.3,175.45,178.45,174
26-Jul-12,174.05,176.3,179.5,173.1
26-Jul-12,174.05,176.3,179.5,173.1
27-Jul-12,173.7,174.05,176.75,173.05
27-Jul-12,173.7,174.05,176.75,173.05
30-Jul-12,178.35,174.35,178.9,173.15
30-Jul-12,178.35,174.35,178.9,173.15
31-Jul-12,174.4,178.1,178.65,172.7
31-Jul-12,174.4,178.1,178.65,172.7
1-Aug-12,174.6,174.65,175.6,170.6
1-Aug-12,174.6,174.65,175.6,170.6
2-Aug-12,171.65,174.95,175.35,171.25
2-Aug-12,171.65,174.95,175.35,171.25
3-Aug-12,173.8,171.65,174.2,171.3
3-Aug-12,173.8,171.65,174.2,171.3
6-Aug-12,175.5,173.1,177.85,173
6-Aug-12,175.5,173.1,177.85,173
7-Aug-12,172.65,175.5,176.2,172.4
7-Aug-12,172.65,175.5,176.2,172.4
8-Aug-12,170.5,172.75,173.1,169.9
8-Aug-12,170.5,172.75,173.1,169.9
9-Aug-12,166.45,170.95,171.35,166.25
9-Aug-12,166.45,170.95,171.35,166.25
10-Aug-12,166.25,167,167.45,164.2
10-Aug-12,166.25,167,167.45,164.2
13-Aug-12,164.1,166.2,167.25,162.95
13-Aug-12,164.1,166.2,167.25,162.95
14-Aug-12,163.05,164.9,165.75,162.4
14-Aug-12,163.05,164.9,165.75,162.4
15-Aug-12,161.9,163.25,163.55,158.8
15-Aug-12,161.9,163.25,163.55,158.8
16-Aug-12,158.85,161.8,161.8,157.8
16-Aug-12,158.85,161.8,161.8,157.8
17-Aug-12,160.3,159.15,160.7,157.4
17-Aug-12,160.3,159.15,160.7,157.4
20-Aug-12,161.2,160.65,163.45,160.3
20-Aug-12,161.2,160.65,163.45,160.3
21-Aug-12,160.65,161.75,162.5,160.55
21-Aug-12,160.65,161.75,162.5,160.55
22-Aug-12,158.95,160.45,160.55,157.6
22-Aug-12,158.95,160.45,160.55,157.6
23-Aug-12,160.25,159.5,161.4,158.9
23-Aug-12,160.25,159.5,161.4,158.9
24-Aug-12,162.6,160.35,163.5,160
24-Aug-12,162.6,160.35,163.5,160
26-Aug-12,163.15,163.15,163.15,163.15
26-Aug-12,163.15,163.15,163.15,163.15
27-Aug-12,167.05,165,167.45,165
27-Aug-12,167.05,165,167.45,165
28-Aug-12,167.75,166.5,168,165.75
28-Aug-12,167.75,166.5,168,165.75
29-Aug-12,166.4,167.5,168.6,166.25
29-Aug-12,166.4,167.5,168.6,166.25
30-Aug-12,163,165.5,167.5,162.5
30-Aug-12,163,165.5,167.5,162.5
31-Aug-12,164.55,163.75,165.2,162.8
31-Aug-12,164.55,163.75,165.2,162.8
4-Sep-12,164.9,164.45,165,164.45
4-Sep-12,164.9,164.45,165,164.45
5-Sep-12,160.45,164.5,164.5,160.8
5-Sep-12,160.45,164.5,164.5,160.8
6-Sep-12,157.9,161.9,161.9,157.1
6-Sep-12,157.9,161.9,161.9,157.1
7-Sep-12,162.7,161.75,162.6,161.75
7-Sep-12,162.7,161.75,162.6,161.75
10-Sep-12,173.4,173.5,173.5,173.5
10-Sep-12,173.4,173.5,173.5,173.5
11-Sep-12,177.25,176.7,176.7,176.7
11-Sep-12,177.25,176.7,176.7,176.7
12-Sep-12,177.15,178.05,178.1,178.05
12-Sep-12,177.15,178.05,178.1,178.05
13-Sep-12,178.5,177.5,178.25,177.5
13-Sep-12,178.5,177.5,178.25,177.5
14-Sep-12,180.8,180.85,182.65,180.05
14-Sep-12,180.8,180.85,182.65,180.05
16-Sep-12,180.8,180.8,180.8,180.8
16-Sep-12,180.8,180.8,180.8,180.8
17-Sep-12,175.05,181.1,182.55,174.2
17-Sep-12,175.05,181.1,182.55,174.2
18-Sep-12,177.4,172,177.8,172
18-Sep-12,177.4,172,177.8,172
19-Sep-12,174.4,178.05,179.1,172.35
19-Sep-12,174.4,178.05,179.1,172.35
20-Sep-12,168.6,174.2,174.5,168.3
20-Sep-12,168.6,174.2,174.5,168.3
21-Sep-12,173.3,168.6,173.8,168.6
21-Sep-12,173.3,168.6,173.8,168.6
24-Sep-12,172.3,171.8,172.75,167.65
24-Sep-12,172.3,171.8,172.75,167.65
25-Sep-12,173.65,172.45,174.85,171.55
25-Sep-12,173.65,172.45,174.85,171.55
26-Sep-12,169.45,173,173.25,169
26-Sep-12,169.45,173,173.25,169
27-Sep-12,174.3,169.6,174.65,169.45
27-Sep-12,174.3,169.6,174.65,169.45
28-Sep-12,173.5,174.25,175.2,170.25
28-Sep-12,173.5,174.25,175.2,170.25
1-Oct-12,178.05,172.85,178.95,172.15
1-Oct-12,178.05,172.85,178.95,172.15
2-Oct-12,183.65,178.1,184.55,177.95
2-Oct-12,183.65,178.1,184.55,177.95
3-Oct-12,181.05,181.5,185.45,180.5
3-Oct-12,181.05,181.5,185.45,180.5
4-Oct-12,175.05,181.05,183.8,173.4
4-Oct-12,175.05,181.05,183.8,173.4
5-Oct-12,168.1,175.05,176.55,167.7
5-Oct-12,168.1,175.05,176.55,167.7
7-Oct-12,167.77,167.77,167.77,167.77
7-Oct-12,167.77,167.77,167.77,167.77
8-Oct-12,169.1,167.8,169.4,166.35
8-Oct-12,169.1,167.8,169.4,166.35
9-Oct-12,165.3,168.5,170,164.1
9-Oct-12,165.3,168.5,170,164.1
10-Oct-12,163.45,166.65,166.95,163.3
10-Oct-12,163.45,166.65,166.95,163.3
11-Oct-12,160.75,163.3,163.7,160.3
11-Oct-12,160.75,163.3,163.7,160.3
12-Oct-12,161.7,161.1,163.1,159.7
12-Oct-12,161.7,161.1,163.1,159.7
14-Oct-12,162.35,162.35,162.35,162.35
14-Oct-12,162.35,162.35,162.35,162.35
15-Oct-12,160.85,161.7,162.75,159.5
15-Oct-12,160.85,161.7,162.75,159.5
16-Oct-12,162.8,161.5,163.45,160.35
16-Oct-12,162.8,161.5,163.45,160.35
17-Oct-12,161.5,163,163.35,159.6
17-Oct-12,161.5,163,163.35,159.6
18-Oct-12,158.6,161.1,161.55,157.15
18-Oct-12,158.6,161.1,161.55,157.15
19-Oct-12,161.65,158.65,162.85,158.15
19-Oct-12,161.65,158.65,162.85,158.15
22-Oct-12,164.5,162.5,165.7,161.4
22-Oct-12,164.5,162.5,165.7,161.4
23-Oct-12,160.85,164.1,164.1,160.25
23-Oct-12,160.85,164.1,164.1,160.25
24-Oct-12,159.8,160.85,162.3,158.7
24-Oct-12,159.8,160.85,162.3,158.7
25-Oct-12,161,160.5,161.9,159.2
25-Oct-12,161,160.5,161.9,159.2
26-Oct-12,157.75,161,161.45,156.9
26-Oct-12,157.75,161,161.45,156.9
29-Oct-12,161.65,157.75,161.8,156.3
29-Oct-12,161.65,157.75,161.8,156.3
30-Oct-12,157.2,162,162.75,156.55
30-Oct-12,157.2,162,162.75,156.55
31-Oct-12,154.65,157.05,158.85,154.4
31-Oct-12,154.65,157.05,158.85,154.4
1-Nov-12,153.45,154.65,156.4,152.8
1-Nov-12,153.45,154.65,156.4,152.8
2-Nov-12,154.7,155,155.45,153.15
2-Nov-12,154.7,155,155.45,153.15
5-Nov-12,150.9,154.7,154.7,150.8
5-Nov-12,150.9,154.7,154.7,150.8
6-Nov-12,150.6,151,152.5,150.35
6-Nov-12,150.6,151,152.5,150.35
7-Nov-12,151.2,151,154,150.7
7-Nov-12,151.2,151,154,150.7
8-Nov-12,151.4,151.5,153.2,149.9
8-Nov-12,151.4,151.5,153.2,149.9
9-Nov-12,149.9,151.95,152.35,149.6
9-Nov-12,149.9,151.95,152.35,149.6
12-Nov-12,153.05,151.15,154.4,151.15
12-Nov-12,153.05,151.15,154.4,151.15
13-Nov-12,146,153,153,145.75
13-Nov-12,146,153,153,145.75
14-Nov-12,147.7,146.5,148.7,146.5
14-Nov-12,147.7,146.5,148.7,146.5
15-Nov-12,149,148.25,149.35,144.5
15-Nov-12,149,148.25,149.35,144.5
16-Nov-12,147.3,148.6,149,146.5
16-Nov-12,147.3,148.6,149,146.5
19-Nov-12,151.4,147.55,151.8,147.55
19-Nov-12,151.4,147.55,151.8,147.55
20-Nov-12,143.75,150.65,151,143.2
20-Nov-12,143.75,150.65,151,143.2
21-Nov-12,144.8,144,145.85,142.9
21-Nov-12,144.8,144,145.85,142.9
23-Nov-12,142.15,144.9,144.9,142
23-Nov-12,142.15,144.9,144.9,142
26-Nov-12,139.9,142.45,142.45,132.25
26-Nov-12,139.9,142.45,142.45,132.25
27-Nov-12,139.8,137.15,142,137.1
27-Nov-12,139.8,137.15,142,137.1
28-Nov-12,144.65,138.25,144.7,137.35
28-Nov-12,144.65,138.25,144.7,137.35
29-Nov-12,146.15,146.65,148.15,144.5
29-Nov-12,146.15,146.65,148.15,144.5
30-Nov-12,142.1,146.65,146.65,141.35
30-Nov-12,142.1,146.65,146.65,141.35
2-Dec-12,149.88,149.88,149.88,149.88
2-Dec-12,149.88,149.88,149.88,149.88
3-Dec-12,141.7,140.1,142,140.1
3-Dec-12,141.7,140.1,142,140.1
4-Dec-12,137.35,138.9,138.9,138.9
4-Dec-12,137.35,138.9,138.9,138.9
5-Dec-12,139.6,140.2,140.2,139.25
5-Dec-12,139.6,140.2,140.2,139.25
6-Dec-12,150.57,149.63,151.48,149.02
6-Dec-12,150.57,149.63,151.48,149.02
7-Dec-12,142.1,140.5,142.25,140.1
7-Dec-12,142.1,140.5,142.25,140.1
10-Dec-12,138.1,142,142,142
10-Dec-12,138.1,142,142,142
11-Dec-12,149.02,147.3,150.23,146.8
11-Dec-12,149.02,147.3,150.23,146.8
12-Dec-12,138.15,140.15,141.25,138.6
12-Dec-12,138.15,140.15,141.25,138.6
13-Dec-12,143.27,146.75,146.9,143.27
13-Dec-12,143.27,146.75,146.9,143.27
14-Dec-12,137.4,136.6,136.6,136.6
14-Dec-12,137.4,136.6,136.6,136.6
17-Dec-12,137.95,137.95,138.25,137.95
17-Dec-12,137.95,137.95,138.25,137.95
18-Dec-12,143.55,145.27,147.98,143.4
18-Dec-12,143.55,145.27,147.98,143.4
19-Dec-12,144.9,143.55,145.85,142.7
19-Dec-12,144.9,143.55,145.85,142.7
20-Dec-12,142.95,145,146.25,141.8
20-Dec-12,142.95,145,146.25,141.8
21-Dec-12,146.6,143.25,146.85,141.85
21-Dec-12,146.6,143.25,146.85,141.85
24-Dec-12,147,146.6,147.95,145.1
24-Dec-12,147,146.6,147.95,145.1
26-Dec-12,148.3,147.05,148.95,145.85
26-Dec-12,148.3,147.05,148.95,145.85
27-Dec-12,147.9,148,148.75,146.8
27-Dec-12,147.9,148,148.75,146.8
28-Dec-12,146.85,147.05,149.25,145.6
28-Dec-12,146.85,147.05,149.25,145.6
31-Dec-12,143.8,146.1,146.25,141.25
31-Dec-12,143.8,146.1,146.25,141.25
2-Jan-13,149.4,145,150,144.95
2-Jan-13,149.4,145,150,144.95
3-Jan-13,146.5,148.6,151.95,145.45
3-Jan-13,146.5,148.6,151.95,145.45
4-Jan-13,147.35,145.4,147.85,142.6
4-Jan-13,147.35,145.4,147.85,142.6
7-Jan-13,150.4,147.35,151,146.6
7-Jan-13,150.4,147.35,151,146.6
8-Jan-13,148.15,149.3,150.45,145.65
8-Jan-13,148.15,149.3,150.45,145.65
9-Jan-13,147.9,146.6,149.15,145.95
9-Jan-13,147.9,146.6,149.15,145.95
10-Jan-13,149.65,148.2,149.9,147.7
10-Jan-13,149.65,148.2,149.9,147.7
11-Jan-13,153.35,149.2,153.5,148.85
11-Jan-13,153.35,149.2,153.5,148.85
14-Jan-13,153.3,152.95,155.9,152.5
14-Jan-13,153.3,152.95,155.9,152.5
15-Jan-13,152.5,152.7,156.5,151.25
15-Jan-13,152.5,152.7,156.5,151.25
16-Jan-13,153,152,154.75,150.8
16-Jan-13,153,152,154.75,150.8
17-Jan-13,155.5,152.7,156.5,152.4
17-Jan-13,155.5,152.7,156.5,152.4
18-Jan-13,156.3,155.45,157.9,154.55
18-Jan-13,156.3,155.45,157.9,154.55
20-Jan-13,155.68,155.68,155.68,155.68
20-Jan-13,155.68,155.68,155.68,155.68
22-Jan-13,148.6,154.8,156.45,148.2
22-Jan-13,148.6,154.8,156.45,148.2
23-Jan-13,150.4,148.85,151.8,148.35
23-Jan-13,150.4,148.85,151.8,148.35
24-Jan-13,146.55,150.65,151.3,146.1
24-Jan-13,146.55,150.65,151.3,146.1
25-Jan-13,148.3,147.2,148.5,146.4
25-Jan-13,148.3,147.2,148.5,146.4
28-Jan-13,149,148.1,149.8,146.95
28-Jan-13,149,148.1,149.8,146.95
29-Jan-13,149.8,149.05,150.5,148.25
29-Jan-13,149.8,149.05,150.5,148.25
30-Jan-13,147.7,149.9,150.8,147.15
30-Jan-13,147.7,149.9,150.8,147.15
31-Jan-13,146.95,148.05,148.6,146.55
31-Jan-13,146.95,148.05,148.6,146.55
1-Feb-13,147.95,146.95,149.8,146.9
1-Feb-13,147.95,146.95,149.8,146.9
4-Feb-13,144.35,147.5,148.05,143.95
4-Feb-13,144.35,147.5,148.05,143.95
5-Feb-13,144.05,144.55,145.7,143.75
5-Feb-13,144.05,144.55,145.7,143.75
6-Feb-13,142.1,144.2,144.45,141.8
6-Feb-13,142.1,144.2,144.45,141.8
7-Feb-13,140.3,142.1,143.3,139.65
7-Feb-13,140.3,142.1,143.3,139.65
8-Feb-13,141.05,139.9,142.05,139.4
8-Feb-13,141.05,139.9,142.05,139.4
11-Feb-13,140.15,141.75,141.9,139.7
11-Feb-13,140.15,141.75,141.9,139.7
12-Feb-13,140.65,140.05,142.15,138.55
12-Feb-13,140.65,140.05,142.15,138.55
13-Feb-13,138.75,140.5,141.65,138.3
13-Feb-13,138.75,140.5,141.65,138.3
14-Feb-13,138,138.85,139.25,137.45
14-Feb-13,138,138.85,139.25,137.45
15-Feb-13,136.95,137.8,138.2,136.45
15-Feb-13,136.95,137.8,138.2,136.45
19-Feb-13,136.5,137.2,139.4,135.9
19-Feb-13,136.5,137.2,139.4,135.9
20-Feb-13,141,136.6,141.7,136.55
20-Feb-13,141,136.6,141.7,136.55
21-Feb-13,141.75,140.35,141.65,138.75
21-Feb-13,141.75,140.35,141.65,138.75
22-Feb-13,143.1,142.2,143.95,142.2
22-Feb-13,143.1,142.2,143.95,142.2
25-Feb-13,142.6,143.6,144.05,140.6
25-Feb-13,142.6,143.6,144.05,140.6
26-Feb-13,142.9,142,143.55,141
26-Feb-13,142.9,142,143.55,141
27-Feb-13,142.4,141.85,143.4,141.65
27-Feb-13,142.4,141.85,143.4,141.65
28-Feb-13,142.65,143.3,143.65,141.5
28-Feb-13,142.65,143.3,143.65,141.5
1-Mar-13,142.9,143.55,143.6,142
1-Mar-13,142.9,143.55,143.6,142
4-Mar-13,145.95,146,146,145.7
4-Mar-13,145.95,146,146,145.7
5-Mar-13,140.5,146,146.9,140.1
5-Mar-13,140.5,146,146.9,140.1
6-Mar-13,140.6,140.5,140.5,140.1
6-Mar-13,140.6,140.5,140.5,140.1
7-Mar-13,142.45,140.6,140.6,139.95
7-Mar-13,142.45,140.6,140.6,139.95
8-Mar-13,143.35,142.7,142.7,142.5
8-Mar-13,143.35,142.7,142.7,142.5
11-Mar-13,143.05,143.3,143.9,143.3
11-Mar-13,143.05,143.3,143.9,143.3
12-Mar-13,141.65,141.55,141.55,141.55
12-Mar-13,141.65,141.55,141.55,141.55
13-Mar-13,140.05,140.9,142.85,140.2
13-Mar-13,140.05,140.9,142.85,140.2
14-Mar-13,138.9,139.65,139.8,139.65
14-Mar-13,138.9,139.65,139.8,139.65
15-Mar-13,136.5,137.4,137.4,137.4
15-Mar-13,136.5,137.4,137.4,137.4
18-Mar-13,133.15,133.7,133.7,133.7
18-Mar-13,133.15,133.7,133.7,133.7
19-Mar-13,133.1,134.5,135.45,132.55
19-Mar-13,133.1,134.5,135.45,132.55
20-Mar-13,133.6,133.2,134.25,132.05
20-Mar-13,133.6,133.2,134.25,132.05
21-Mar-13,133.75,133.2,134.45,132.35
21-Mar-13,133.75,133.2,134.45,132.35
22-Mar-13,135.3,133.7,136.3,133.2
22-Mar-13,135.3,133.7,136.3,133.2
25-Mar-13,135.6,135.95,136.6,134.65
25-Mar-13,135.6,135.95,136.6,134.65
26-Mar-13,137.6,135.6,138.8,135.3
26-Mar-13,137.6,135.6,138.8,135.3
27-Mar-13,136.6,136.8,138.15,134.85
27-Mar-13,136.6,136.8,138.15,134.85
28-Mar-13,137.15,136.6,137.75,135.85
28-Mar-13,137.15,136.6,137.75,135.85
1-Apr-13,138.4,137.15,141.35,135.5
1-Apr-13,138.4,137.15,141.35,135.5
2-Apr-13,136.15,137.8,138.15,135.65
2-Apr-13,136.15,137.8,138.15,135.65
3-Apr-13,139.45,135.95,139.65,135.5
3-Apr-13,139.45,135.95,139.65,135.5
4-Apr-13,139.5,139.3,139.8,137.45
4-Apr-13,139.5,139.3,139.8,137.45
5-Apr-13,140.15,139.25,140.7,137.95
5-Apr-13,140.15,139.25,140.7,137.95
8-Apr-13,135.9,139.8,140.9,135
8-Apr-13,135.9,139.8,140.9,135
9-Apr-13,135.4,136.2,136.85,134.7
9-Apr-13,135.4,136.2,136.85,134.7
10-Apr-13,136.05,135.4,137.8,135.25
10-Apr-13,136.05,135.4,137.8,135.25
11-Apr-13,136.8,135.7,137.3,135.7
11-Apr-13,136.8,135.7,137.3,135.7
12-Apr-13,135.25,136.6,137.8,134.9
12-Apr-13,135.25,136.6,137.8,134.9
15-Apr-13,134.45,134.95,135.35,131.75
15-Apr-13,134.45,134.95,135.35,131.75
16-Apr-13,135.85,134.5,136,134.45
16-Apr-13,135.85,134.5,136,134.45
17-Apr-13,136.1,135.85,138.1,135.4
17-Apr-13,136.1,135.85,138.1,135.4
18-Apr-13,138.9,136.3,139.3,136.2
18-Apr-13,138.9,136.3,139.3,136.2
19-Apr-13,141.65,138.9,142.45,138.9
19-Apr-13,141.65,138.9,142.45,138.9
22-Apr-13,142.5,141.65,143.5,141
22-Apr-13,142.5,141.65,143.5,141
23-Apr-13,137.55,142.45,142.45,136.6
23-Apr-13,137.55,142.45,142.45,136.6
24-Apr-13,138.4,138.15,139.3,137.15
24-Apr-13,138.4,138.15,139.3,137.15
25-Apr-13,137.2,138.95,139.55,136.35
25-Apr-13,137.2,138.95,139.55,136.35
26-Apr-13,133.9,137.55,137.55,133.3
26-Apr-13,133.9,137.55,137.55,133.3
29-Apr-13,133.6,133.65,134.45,132.8
29-Apr-13,133.6,133.65,134.45,132.8
30-Apr-13,134.95,134.2,134.95,133.5
30-Apr-13,134.95,134.2,134.95,133.5
1-May-13,134.5,136,136,132.75
1-May-13,134.5,136,136,132.75
2-May-13,138.95,135.35,139.2,135.35
2-May-13,138.95,135.35,139.2,135.35
3-May-13,140.3,138.75,140.25,138.75
3-May-13,140.3,138.75,140.25,138.75
6-May-13,141.88,140.15,142.23,139.05
6-May-13,141.88,140.15,142.23,139.05
7-May-13,142.3,141.3,141.4,141
7-May-13,142.3,141.3,141.4,141
8-May-13,144.15,144,144,144
8-May-13,144.15,144,144,144
9-May-13,145.8,146,146.05,146
9-May-13,145.8,146,146.05,146
10-May-13,143.8,147.2,147.65,147.2
10-May-13,143.8,147.2,147.65,147.2
13-May-13,144.55,142.95,144.75,141.5
13-May-13,144.55,142.95,144.75,141.5
14-May-13,141.65,143.7,143.7,143.7
14-May-13,141.65,143.7,143.7,143.7
15-May-13,138,138.1,138.1,138
15-May-13,138,138.1,138.1,138
16-May-13,138.35,139.6,139.95,139.6
16-May-13,138.35,139.6,139.95,139.6
17-May-13,135.6,135.45,135.45,135.45
17-May-13,135.6,135.45,135.45,135.45
20-May-13,133.85,132.6,132.6,132.6
20-May-13,133.85,132.6,132.6,132.6
21-May-13,132.7,135.7,135.85,132.25
21-May-13,132.7,135.7,135.85,132.25
22-May-13,128.45,133.3,133.7,128.25
22-May-13,128.45,133.3,133.7,128.25
23-May-13,130.05,128.8,131.8,128.05
23-May-13,130.05,128.8,131.8,128.05
24-May-13,127.25,130.65,130.75,126.8
24-May-13,127.25,130.65,130.75,126.8
28-May-13,126.45,127.55,128.2,125.8
28-May-13,126.45,127.55,128.2,125.8
29-May-13,127.6,126.55,128,126
29-May-13,127.6,126.55,128,126
30-May-13,125.85,128,128.55,125.2
30-May-13,125.85,128,128.55,125.2
31-May-13,127.05,125.95,127.85,125.05
31-May-13,127.05,125.95,127.85,125.05
3-Jun-13,129,127.05,129.4,125.5
3-Jun-13,129,127.05,129.4,125.5
4-Jun-13,127.65,129,129.1,127.1
4-Jun-13,127.65,129,129.1,127.1
5-Jun-13,127.45,127.8,129.5,125.9
5-Jun-13,127.45,127.8,129.5,125.9
6-Jun-13,129.45,127.4,129.9,127.05
6-Jun-13,129.45,127.4,129.9,127.05
7-Jun-13,126.95,129.7,129.75,126.3
7-Jun-13,126.95,129.7,129.75,126.3
10-Jun-13,128.75,126.5,129,125.9
10-Jun-13,128.75,126.5,129,125.9
11-Jun-13,127.7,128.75,129,126
11-Jun-13,127.7,128.75,129,126
12-Jun-13,122.75,127.7,128.4,121.1
12-Jun-13,122.75,127.7,128.4,121.1
13-Jun-13,123.7,122.7,124.1,121.35
13-Jun-13,123.7,122.7,124.1,121.35
14-Jun-13,122.25,124.15,124.7,121.85
14-Jun-13,122.25,124.15,124.7,121.85
17-Jun-13,122.35,122.25,124.6,121.9
17-Jun-13,122.35,122.25,124.6,121.9
18-Jun-13,122,122.4,123.25,120.9
18-Jun-13,122,122.4,123.25,120.9
19-Jun-13,122.75,122.9,123.4,121.9
19-Jun-13,122.75,122.9,123.4,121.9
20-Jun-13,117.65,122.1,122.1,116.9
20-Jun-13,117.65,122.1,122.1,116.9
21-Jun-13,118.7,119.2,121.1,118.65
21-Jun-13,118.7,119.2,121.1,118.65
24-Jun-13,119.45,118.85,120.4,118.65
24-Jun-13,119.45,118.85,120.4,118.65
25-Jun-13,120.25,120.2,120.45,118.7
25-Jun-13,120.25,120.2,120.45,118.7
26-Jun-13,118.15,120.1,120.65,117.95
26-Jun-13,118.15,120.1,120.65,117.95
27-Jun-13,121.6,118.8,121.5,118.7
27-Jun-13,121.6,118.8,121.5,118.7
28-Jun-13,120,122.3,122.35,118.5
28-Jun-13,120,122.3,122.35,118.5
1-Jul-13,121.2,120.6,121.85,119.8
1-Jul-13,121.2,120.6,121.85,119.8
2-Jul-13,124.1,121.25,124.35,121.25
2-Jul-13,124.1,121.25,124.35,121.25
3-Jul-13,121.15,124,124,121.3
3-Jul-13,121.15,124,124,121.3
4-Jul-13,121.13,121.13,121.13,121.13
4-Jul-13,121.13,121.13,121.13,121.13
5-Jul-13,120.95,120.8,120.8,120.8
5-Jul-13,120.95,120.8,120.8,120.8
8-Jul-13,123.25,120.5,123.6,120.5
8-Jul-13,123.25,120.5,123.6,120.5
9-Jul-13,122.05,124,124,120
9-Jul-13,122.05,124,124,120
10-Jul-13,121.45,121.75,121.75,121.75
10-Jul-13,121.45,121.75,121.75,121.75
11-Jul-13,123.38,121.5,124.4,121.5
11-Jul-13,123.38,121.5,124.4,121.5
12-Jul-13,119.15,120.4,120.4,119.35
12-Jul-13,119.15,120.4,120.4,119.35
15-Jul-13,122.9,120.25,120.25,120.15
15-Jul-13,122.9,120.25,120.25,120.15
16-Jul-13,125.6,124.9,126.1,124.9
16-Jul-13,125.6,124.9,126.1,124.9
17-Jul-13,127.55,126.25,126.25,125.75
17-Jul-13,127.55,126.25,126.25,125.75
18-Jul-13,127.15,131.65,132.15,131.6
18-Jul-13,127.15,131.65,132.15,131.6
19-Jul-13,122.82,127.93,130.23,121.9
19-Jul-13,122.82,127.93,130.23,121.9
22-Jul-13,125.3,123.15,125.7,122.6
22-Jul-13,125.3,123.15,125.7,122.6
23-Jul-13,126.1,125.4,126.5,123.25
23-Jul-13,126.1,125.4,126.5,123.25
24-Jul-13,121.25,126.1,126.4,120.85
24-Jul-13,121.25,126.1,126.4,120.85
25-Jul-13,124.8,121.8,125.15,120.85
25-Jul-13,124.8,121.8,125.15,120.85
26-Jul-13,122.25,124.6,125.9,122.1
26-Jul-13,122.25,124.6,125.9,122.1
29-Jul-13,121.15,122.25,123.35,119.8
29-Jul-13,121.15,122.25,123.35,119.8
30-Jul-13,120.3,121.1,122.45,120
30-Jul-13,120.3,121.1,122.45,120
31-Jul-13,118.6,120.5,120.75,117.4
31-Jul-13,118.6,120.5,120.75,117.4
1-Aug-13,115.6,118.75,119.45,115.35
1-Aug-13,115.6,118.75,119.45,115.35
2-Aug-13,118.25,116,118.5,115.8
2-Aug-13,118.25,116,118.5,115.8
5-Aug-13,119.65,118,121.2,117.9
5-Aug-13,119.65,118,121.2,117.9
6-Aug-13,117.9,119,119.45,117.1
6-Aug-13,117.9,119,119.45,117.1
7-Aug-13,121.05,118.3,121.5,117.85
7-Aug-13,121.05,118.3,121.5,117.85
8-Aug-13,122.05,120.65,123.6,120.4
8-Aug-13,122.05,120.65,123.6,120.4
9-Aug-13,122.9,121.95,124.3,121.45
9-Aug-13,122.9,121.95,124.3,121.45
12-Aug-13,123.45,122.9,124.6,122.1
12-Aug-13,123.45,122.9,124.6,122.1
13-Aug-13,120.6,123.5,124.25,119.35
13-Aug-13,120.6,123.5,124.25,119.35
14-Aug-13,122.65,121.05,124.5,120.75
14-Aug-13,122.65,121.05,124.5,120.75
15-Aug-13,121.85,122.75,122.75,119.55
15-Aug-13,121.85,122.75,122.75,119.55
16-Aug-13,120.5,121.7,122.2,120
16-Aug-13,120.5,121.7,122.2,120
19-Aug-13,119.25,120.45,120.9,118.85
19-Aug-13,119.25,120.45,120.9,118.85
20-Aug-13,114.95,119,119,114.75
20-Aug-13,114.95,119,119,114.75
21-Aug-13,113.5,115.1,115.7,113.25
21-Aug-13,113.5,115.1,115.7,113.25
22-Aug-13,113.2,113.4,114.5,112.8
22-Aug-13,113.2,113.4,114.5,112.8
23-Aug-13,113.05,113,114.3,113
23-Aug-13,113.05,113,114.3,113
26-Aug-13,114.05,114.1,115.2,114.1
26-Aug-13,114.05,114.1,115.2,114.1
27-Aug-13,113.15,113.8,113.8,112.9
27-Aug-13,113.15,113.8,113.8,112.9
28-Aug-13,114.6,114.15,114.85,113.6
28-Aug-13,114.6,114.15,114.85,113.6
29-Aug-13,113.15,114.25,114.25,112.75
29-Aug-13,113.15,114.25,114.25,112.75
30-Aug-13,112.1,113.5,113.5,112
30-Aug-13,112.1,113.5,113.5,112
3-Sep-13,112.8,113,114.5,112.9
3-Sep-13,112.8,113,114.5,112.9
4-Sep-13,116.78,117.28,118.47,116.68
4-Sep-13,116.78,117.28,118.47,116.68
5-Sep-13,112.55,113.55,113.55,111.55
5-Sep-13,112.55,113.55,113.55,111.55
6-Sep-13,117.53,117.15,118.82,117.15
6-Sep-13,117.53,117.15,118.82,117.15
9-Sep-13,113.85,114,114,114
9-Sep-13,113.85,114,114,114
10-Sep-13,112.35,114.6,114.6,114.6
10-Sep-13,112.35,114.6,114.6,114.6
11-Sep-13,116.45,114,116,114
11-Sep-13,116.45,114,116,114
12-Sep-13,116.25,115.75,116.1,115.75
12-Sep-13,116.25,115.75,116.1,115.75
13-Sep-13,115.55,115.7,115.7,115.7
13-Sep-13,115.55,115.7,115.7,115.7
16-Sep-13,118.85,119.7,120.72,118.6
16-Sep-13,118.85,119.7,120.72,118.6
17-Sep-13,111.05,114.75,114.75,111.1
17-Sep-13,111.05,114.75,114.75,111.1
18-Sep-13,111.3,111.8,111.8,111.8
18-Sep-13,111.3,111.8,111.8,111.8
19-Sep-13,115.8,116,116.7,115.3
19-Sep-13,115.8,116,116.7,115.3
20-Sep-13,114.65,115.6,115.9,114.2
20-Sep-13,114.65,115.6,115.9,114.2
23-Sep-13,117.05,114.65,117.45,114.65
23-Sep-13,117.05,114.65,117.45,114.65
24-Sep-13,117.85,117.05,118.4,117
24-Sep-13,117.85,117.05,118.4,117
25-Sep-13,117.25,117.5,119.2,117.05
25-Sep-13,117.25,117.5,119.2,117.05
26-Sep-13,115.65,117.2,117.45,114.8
26-Sep-13,115.65,117.2,117.45,114.8
27-Sep-13,113.7,115.8,115.9,113.5
27-Sep-13,113.7,115.8,115.9,113.5
30-Sep-13,113.7,113.65,114.8,113.5
30-Sep-13,113.7,113.65,114.8,113.5
1-Oct-13,114.1,113.9,114.7,113.2
1-Oct-13,114.1,113.9,114.7,113.2
2-Oct-13,114.45,114.5,115.5,114.1
2-Oct-13,114.45,114.5,115.5,114.1
3-Oct-13,115.35,114.45,116.2,114.2
3-Oct-13,115.35,114.45,116.2,114.2
4-Oct-13,114.4,115.15,116,113.9
4-Oct-13,114.4,115.15,116,113.9
7-Oct-13,114.5,114.4,114.75,113.5
7-Oct-13,114.5,114.4,114.75,113.5
8-Oct-13,115.05,114.4,115.35,113.85
8-Oct-13,115.05,114.4,115.35,113.85
9-Oct-13,115.25,114.75,115.8,114.45
9-Oct-13,115.25,114.75,115.8,114.45
10-Oct-13,114.4,115.15,117.95,114.15
10-Oct-13,114.4,115.15,117.95,114.15
11-Oct-13,116.7,114.35,116.95,114.25
11-Oct-13,116.7,114.35,116.95,114.25
14-Oct-13,117,116.7,117.5,116.15
14-Oct-13,117,116.7,117.5,116.15
15-Oct-13,116.45,117,117.65,115.1
15-Oct-13,116.45,117,117.65,115.1
16-Oct-13,115.85,116.5,117.5,115.65
16-Oct-13,115.85,116.5,117.5,115.65
17-Oct-13,114.7,116.05,116.35,114.25
17-Oct-13,114.7,116.05,116.35,114.25
18-Oct-13,114.65,114.4,115.1,114.05
18-Oct-13,114.65,114.4,115.1,114.05
21-Oct-13,112.7,114.4,114.7,112.3
21-Oct-13,112.7,114.4,114.7,112.3
22-Oct-13,111.95,113.35,113.35,111.85
22-Oct-13,111.95,113.35,113.35,111.85
23-Oct-13,110.55,111.85,112.5,110.5
23-Oct-13,110.55,111.85,112.5,110.5
24-Oct-13,110.3,110.5,111.85,109.5
24-Oct-13,110.3,110.5,111.85,109.5
25-Oct-13,109.1,110.3,111.45,108.8
25-Oct-13,109.1,110.3,111.45,108.8
28-Oct-13,107.55,109,109.2,106.9
28-Oct-13,107.55,109,109.2,106.9
29-Oct-13,106.95,106.6,107.85,106.6
29-Oct-13,106.95,106.6,107.85,106.6
30-Oct-13,106.85,107.05,107.8,106.65
30-Oct-13,106.85,107.05,107.8,106.65
31-Oct-13,105.4,107,107.3,105.25
31-Oct-13,105.4,107,107.3,105.25
1-Nov-13,105.55,105.4,106.05,104.25
1-Nov-13,105.55,105.4,106.05,104.25
4-Nov-13,103.7,105.6,106.2,103.35
4-Nov-13,103.7,105.6,106.2,103.35
5-Nov-13,103.45,103.7,104.15,102.85
6-Nov-13,101.5,103.5,103.75,101
7-Nov-13,103.95,101.5,105.2,100.95
7-Nov-13,103.95,101.5,105.2,100.95
8-Nov-13,104.05,103.8,104.7,102.85
8-Nov-13,104.05,103.8,104.7,102.85
11-Nov-13,103.25,104.1,106.95,103.05
12-Nov-13,105.8,103.5,106,103.25
12-Nov-13,105.8,103.5,106,103.25
13-Nov-13,103.05,105.8,106.35,102.5
14-Nov-13,102.6,103.1,104.45,102.15
15-Nov-13,105.75,102.8,106.4,102.7
15-Nov-13,105.75,102.8,106.4,102.7
18-Nov-13,105.75,105.85,106.75,105
18-Nov-13,105.75,105.85,106.75,105
19-Nov-13,104.65,105.8,106.4,104.45
19-Nov-13,104.65,105.8,106.4,104.45
20-Nov-13,107.35,104.3,107.65,104.3
20-Nov-13,107.35,104.3,107.65,104.3
21-Nov-13,110.45,107.7,110.85,107.7
21-Nov-13,110.45,107.7,110.85,107.7
22-Nov-13,107.1,110.65,111.85,107
22-Nov-13,107.1,110.65,111.85,107
24-Nov-13,107.28,107.28,107.28,107.28
24-Nov-13,107.28,107.28,107.28,107.28
25-Nov-13,108.1,107.7,108.4,106.05
25-Nov-13,108.1,107.7,108.4,106.05
26-Nov-13,108.15,108.1,109.05,107.6
26-Nov-13,108.15,108.1,109.05,107.6
27-Nov-13,107.6,108.95,109,107
27-Nov-13,107.6,108.95,109,107
29-Nov-13,110.25,108,109.8,108
29-Nov-13,110.25,108,109.8,108
2-Dec-13,109.4,109.8,110.5,108.45
2-Dec-13,109.4,109.8,110.5,108.45
3-Dec-13,109.55,108.75,109.95,108.15
3-Dec-13,109.55,108.75,109.95,108.15
4-Dec-13,107.8,109.8,109.95,107.6
4-Dec-13,107.8,109.8,109.95,107.6
5-Dec-13,105.4,108,108,105.5
5-Dec-13,105.4,108,108,105.5
6-Dec-13,105.8,106.05,106.05,106.05
6-Dec-13,105.8,106.05,106.05,106.05
9-Dec-13,105.5,106.3,106.3,106.05
9-Dec-13,105.5,106.3,106.3,106.05
10-Dec-13,109.65,106.75,109.95,106.75
10-Dec-13,109.65,106.75,109.95,106.75
11-Dec-13,109.1,110,110.15,108.95
11-Dec-13,109.1,110,110.15,108.95
12-Dec-13,110.7,109.5,110.3,109.5
12-Dec-13,110.7,109.5,110.3,109.5
13-Dec-13,114.5,111.7,114,111.15
13-Dec-13,114.5,111.7,114,111.15
16-Dec-13,114.7,115.35,115.35,115.35
16-Dec-13,114.7,115.35,115.35,115.35
17-Dec-13,113.55,115,115,114
17-Dec-13,113.55,115,115,114
18-Dec-13,115.1,114.4,114.4,114.4
18-Dec-13,115.1,114.4,114.4,114.4
19-Dec-13,113.75,115.9,116.25,113.1
19-Dec-13,113.75,115.9,116.25,113.1
20-Dec-13,115.3,113.75,116.7,113.55
20-Dec-13,115.3,113.75,116.7,113.55
23-Dec-13,115.85,115,117.5,115
23-Dec-13,115.85,115,117.5,115
24-Dec-13,114.75,115.85,116.8,114.05
24-Dec-13,114.75,115.85,116.8,114.05
26-Dec-13,115.45,114.95,116.5,114.95
26-Dec-13,115.45,114.95,116.5,114.95
27-Dec-13,116.35,115.6,118.4,115.55
27-Dec-13,116.35,115.6,118.4,115.55
30-Dec-13,114.7,116.35,117.45,114.25
30-Dec-13,114.7,116.35,117.45,114.25
31-Dec-13,110.7,114.6,114.85,110.55
31-Dec-13,110.7,114.6,114.85,110.55
1-Jan-14,110.63,110.63,110.63,110.63
2-Jan-14,111.4,111.05,112.3,110.2
3-Jan-14,116.35,111.5,116.55,111.2
6-Jan-14,121,116.5,121.45,115.7
7-Jan-14,117.25,121.5,122.6,116.65
8-Jan-14,120.9,117.55,121.5,117.55
9-Jan-14,119.35,120.9,121.5,118.3
10-Jan-14,120.65,118.55,120.9,117.85
13-Jan-14,119.85,120.35,121.05,118.75
14-Jan-14,119.2,119.75,120.5,118.15
15-Jan-14,117.2,118.8,119.2,115.95
16-Jan-14,118.35,117.5,119.75,117.35
17-Jan-14,117.15,118,118.1,116.3
21-Jan-14,116.2,117.15,118.55,114.7
22-Jan-14,114.85,115.9,116,114.25
23-Jan-14,115.2,114.95,116.6,114.6
24-Jan-14,114.4,115.1,115.1,113.65
27-Jan-14,113.85,114.2,117.75,113.15
28-Jan-14,114.65,113.5,114.85,113.3
29-Jan-14,117.1,114.7,117.7,113.7
30-Jan-14,120,117.3,120.55,117.15
31-Jan-14,125.2,120.2,125.95,120
3-Feb-14,135.95,125,136.4,125
4-Feb-14,136.25,135.95,137.95,133.05
5-Feb-14,143.1,136.25,143.7,134.25
6-Feb-14,135.75,142.6,144.15,134.8
7-Feb-14,135.7,135.1,142.75,132.05
10-Feb-14,136.2,133.95,138.2,132.9
11-Feb-14,137.15,136.65,138.5,135.5
12-Feb-14,141.05,136.6,141.65,135.5
13-Feb-14,139.7,141.55,142.75,136.35
14-Feb-14,139.9,137.9,140.6,137.2
18-Feb-14,152.65,140.05,154.35,138.75
19-Feb-14,171.75,152.9,172.9,150.85
20-Feb-14,168.8,172.4,175.7,161.8
21-Feb-14,168.55,169.3,172.5,167.8
24-Feb-14,175.6,169.45,178.35,169.45
25-Feb-14,175.65,174.8,180.35,173.2
26-Feb-14,177.1,177.25,177.4,171.65
27-Feb-14,178.75,177.55,179.95,176.7
28-Feb-14,179.8,178.35,179.8,176.55
3-Mar-14,192.6,180.55,191,177.1
4-Mar-14,185.15,194.9,194.9,184.9
5-Mar-14,200.65,185,200.9,181.5
6-Mar-14,194.8,200.65,200.65,192.9
7-Mar-14,196.05,198,198,197
10-Mar-14,202.5,201.5,202.3,201.5
11-Mar-14,205.05,206.65,207.55,206.5
12-Mar-14,204.8,203.8,203.8,201.8
13-Mar-14,205.05,206.05,206.05,205.55
14-Mar-14,197.85,200.5,201.35,200.5
17-Mar-14,189.9,195.35,195.5,191.2
18-Mar-14,190.95,191.6,191.85,191
19-Mar-14,185.1,191.2,191.2,184.1
20-Mar-14,174.15,184.15,184.35,172.55
21-Mar-14,171.15,173,175.6,168.5
24-Mar-14,176.4,171.15,177.55,166
25-Mar-14,175.3,177,177.3,173.65
26-Mar-14,176,175,179.4,172.15
27-Mar-14,176.35,175.5,176.8,173.6
28-Mar-14,180.6,176.7,181.05,176.4
31-Mar-14,177.9,180.6,180.9,174.15
1-Apr-14,175.25,177,178.95,174.25
2-Apr-14,172.7,174,178.3,167.9
3-Apr-14,174.6,172.5,175,170.85
4-Apr-14,185,175.6,185.4,175.25
7-Apr-14,193.35,185.8,196.8,185.55
8-Apr-14,196.5,194.35,202.8,194.3
9-Apr-14,199.85,195.15,200.25,190.15
10-Apr-14,206.1,199.95,207.8,199.95
11-Apr-14,201.2,206,208.65,199.85
14-Apr-14,204.85,199.8,205.3,195
15-Apr-14,192.15,205.85,207.4,191.65
16-Apr-14,185.95,192,199.4,185.6
17-Apr-14,201.2,187.2,201.55,186.9
21-Apr-14,196.7,202,203,196.15
22-Apr-14,211.8,197.1,213.2,197
23-Apr-14,212.35,211.85,215.7,210.2
24-Apr-14,212.45,210.3,212.95,206.1
25-Apr-14,204.75,210.5,210.5,203
28-Apr-14,198.8,203.35,203.75,198.25
29-Apr-14,208.9,200.9,208.9,192.4
30-Apr-14,203.05,207,208.4,200.9
1-May-14,201.45,203.95,203.95,202.95
2-May-14,200.6,202,202,201.8
5-May-14,202.4,197.4,197.4,197.4
6-May-14,199.55,203.1,203.1,200.4
7-May-14,198.4,198.95,199.85,198.95
8-May-14,192.95,198.4,198.4,193.8
9-May-14,180.8,192.45,192.45,183.65
11-May-14,184.85,184.85,184.85,184.85
12-May-14,186.1,182.4,182.4,182.4
13-May-14,187.07,190.48,190.98,186.32
14-May-14,180.75,182,182.05,180.95
15-May-14,194.15,182.5,194.25,182.5
16-May-14,182.5,192.25,192.25,183.4
19-May-14,183.88,186.25,187.6,183.05
20-May-14,185.7,183.9,186.4,180.05
21-May-14,181.4,185.3,186.25,180.85
22-May-14,181.35,181,183.25,176.7
23-May-14,181.9,181.5,184.25,180.5
27-May-14,179.35,181.5,182.55,177.75
28-May-14,176.15,178.75,179.25,170.8
29-May-14,181.95,176.9,182.95,176.8
30-May-14,177.5,180.9,181.25,174.65
2-Jun-14,172.35,177.25,179.35,172.15
3-Jun-14,171.15,172.05,174.35,167.35
4-Jun-14,170.2,171,171.75,167.35
5-Jun-14,169.15,169,171,168
6-Jun-14,172.1,168.6,173.8,168.25
9-Jun-14,165.35,171.95,171.95,165.1
10-Jun-14,165.65,165.35,167.85,165.1
11-Jun-14,171.6,166.6,173.5,166.15
12-Jun-14,171.95,171.6,173.3,168.15
13-Jun-14,173.7,171.95,179.7,171.6
16-Jun-14,172.95,173.65,176.7,172.1
17-Jun-14,169.05,172.5,172.8,166.7
18-Jun-14,166.75,169.2,170.5,166
19-Jun-14,167,167.25,168.6,163.1
20-Jun-14,173.25,168.25,175.8,168.05
23-Jun-14,175.1,173,175.85,173
24-Jun-14,174.15,174.85,175.3,171
25-Jun-14,179.95,173.55,179.5,173.55
26-Jun-14,178.8,178.6,179.2,177.7
27-Jun-14,170.45,180.5,182.5,169.9
30-Jun-14,173,172.55,172.75,168.65
1-Jul-14,168.3,172.25,172.25,168.2
2-Jul-14,171.05,169.5,169.5,169.5
3-Jul-14,169.4,172,172,172
6-Jul-14,172.02,172.02,172.02,172.02
7-Jul-14,169,170.3,170.3,165
8-Jul-14,170.2,169.5,169.5,169
9-Jul-14,172.98,173.15,174.82,171.52
10-Jul-14,160.25,166.9,166.9,160.85
11-Jul-14,158.95,160,160,157.8
14-Jul-14,164.52,161.23,164.75,161.1
15-Jul-14,162.52,164.27,164.32,159.48
16-Jul-14,162.55,162.63,163.38,161.6
17-Jul-14,164.2,162.38,165.4,161.23
18-Jul-14,170.7,163.8,164.95,163.8
21-Jul-14,172.2,171.5,173.77,168.75
22-Jul-14,168.3,172,173.6,166.6
23-Jul-14,176.6,168.5,178.6,166.95
24-Jul-14,178.3,175.8,180.5,175.7
25-Jul-14,179.15,178,181.2,176.6
28-Jul-14,181.1,179.8,183.4,178
29-Jul-14,180.7,181.15,182.2,178.4
30-Jul-14,182.5,180.2,183.2,179.75
31-Jul-14,195.05,183.4,196.4,183.35
1-Aug-14,192.35,194.85,207.4,191.6
3-Aug-14,192.13,192.13,192.13,192.13
4-Aug-14,190.5,192.05,195.45,183.3
5-Aug-14,189.4,190.45,195.15,187.35
6-Aug-14,190.85,189,192.5,185.95
7-Aug-14,184,191.35,191.45,183.7
8-Aug-14,180.85,183.75,186.35,179.4
11-Aug-14,189.15,180.85,189.65,180.85
12-Aug-14,184.6,189.1,189.1,183
13-Aug-14,185.25,184.7,188.1,184.5
14-Aug-14,184.1,185.3,187.4,181.1
15-Aug-14,188.75,184.2,189.25,182.5
18-Aug-14,188.9,188.95,190.4,186.15
19-Aug-14,182.2,189.1,189.65,182
20-Aug-14,184.1,183.5,184.25,178.65
21-Aug-14,183.75,185.15,186.3,181.85
22-Aug-14,181.6,182.7,185.8,181.4
25-Aug-14,182.75,182.35,184.75,180.55
26-Aug-14,193.1,183,193,183
27-Aug-14,192.4,193,197.7,192
28-Aug-14,194.65,193.2,193.6,192.05
29-Aug-14,195.75,195,195.9,193.45
2-Sep-14,204.45,200.1,204.7,200.1
3-Sep-14,197.3,203.1,203.2,198.2
4-Sep-14,197.45,196,196,192.1
5-Sep-14,192.85,196,196,196
8-Sep-14,189.65,192.3,192.3,188.7
9-Sep-14,188.1,190.8,190.8,190.8
10-Sep-14,177,185.85,185.85,176.2
11-Sep-14,180.55,177,179.8,176.55
12-Sep-14,179.65,178.2,178.2,178.05
15-Sep-14,177.3,179.35,179.35,177.5
16-Sep-14,180.6,177.65,180.1,176.95
17-Sep-14,180.65,179.2,179.85,179.2
18-Sep-14,180.93,186.13,187.1,180.88
19-Sep-14,178,180.9,182.85,176.4
22-Sep-14,179.4,178,179.85,176.4
23-Sep-14,180.9,179.75,184.75,179.4
24-Sep-14,189.1,181.5,189.8,180.9
25-Sep-14,182.3,187.25,187.55,179.45
26-Sep-14,186.05,181.15,188.2,180.15
29-Sep-14,191.25,185.55,191.95,185.2
30-Sep-14,193.35,191.45,197.3,188.55
1-Oct-14,200.4,194,201.85,193.7
2-Oct-14,208.6,200.4,213.75,200.2
3-Oct-14,206.5,208.9,211.6,205.4
6-Oct-14,220.8,208.7,225.5,208.7
7-Oct-14,216.35,220.85,224.55,215.1
8-Oct-14,214.45,215.2,221.4,211
9-Oct-14,221.65,214.6,222.4,214.45
10-Oct-14,220.4,221.65,223.7,218.5
13-Oct-14,218.1,222.05,225.45,217.6
14-Oct-14,221.9,217,222.8,216.2
15-Oct-14,216,222.65,224.55,214.5
16-Oct-14,217.1,217.65,220.65,216.3
17-Oct-14,210.65,215.5,216.65,208.5
20-Oct-14,199.4,206.35,206.35,197.2
21-Oct-14,199.6,195,201.3,191.8
22-Oct-14,191.1,199.6,200.85,190.8
23-Oct-14,193.3,191.9,194.8,189.3
24-Oct-14,191.5,193.5,193.85,188.45
27-Oct-14,190.9,188,192.2,188
28-Oct-14,192.35,191.05,192.85,188.8
29-Oct-14,189.6,192.35,193.85,189.45
30-Oct-14,187.6,189.95,190.95,186.25
31-Oct-14,188,188.35,189.9,185.65
3-Nov-14,185.85,188.95,192.8,185.65
4-Nov-14,188.2,185.85,189.45,182.1
5-Nov-14,186.25,188.1,188.5,184
6-Nov-14,183.75,187,187.25,183.3
7-Nov-14,182.4,183.25,185.2,182.25
10-Nov-14,181.4,182.4,186.25,181.1
11-Nov-14,184.55,181.95,184.8,181.5
12-Nov-14,184.4,184.15,186.75,183.15
13-Nov-14,188.75,184.1,190.1,184.1
14-Nov-14,192,189,193.4,189
17-Nov-14,187.5,192,193.7,186.3
18-Nov-14,191.1,188,191.5,186
19-Nov-14,197.85,191,199.75,190.95
20-Nov-14,187.7,197.8,197.8,187.6
21-Nov-14,189.65,188.6,190,187.5
24-Nov-14,189.65,190.5,196.2,189.5
25-Nov-14,194.25,189.9,195.4,187.8
26-Nov-14,193.5,195.05,195.05,191.25
27-Nov-14,194.07,194.07,194.07,194.07
28-Nov-14,186.65,193.4,193.4,186.4
30-Nov-14,187.48,187.48,187.48,187.48
1-Dec-14,189.35,187.55,187.55,183.4
2-Dec-14,182.3,187.95,188.25,184.25
3-Dec-14,182.55,183.5,183.5,183.5
4-Dec-14,181.55,183.05,184.2,180.55
5-Dec-14,179.1,181,181.4,177.8
7-Dec-14,181.1,181.1,181.1,181.1
8-Dec-14,178.05,180.3,181.35,177
9-Dec-14,179.45,177.05,177.05,177.05
10-Dec-14,177.55,178.5,178.5,178.5
11-Dec-14,175.4,175.85,175.9,175
12-Dec-14,173,174.6,174.6,174
14-Dec-14,174.13,174.13,174.13,174.13
15-Dec-14,178.65,174,179.15,173.5
16-Dec-14,176.7,174.1,174.1,174.1
17-Dec-14,171.85,177.8,178.9,171.15
18-Dec-14,173.65,172.25,172.25,172.25
19-Dec-14,174.7,174.4,177.65,174.15
21-Dec-14,174.88,174.88,174.88,174.88
22-Dec-14,172.15,174.7,176.5,171.1
23-Dec-14,171,172.75,173.95,170.55
24-Dec-14,170.15,170.8,171.85,169.75
26-Dec-14,168.6,171.15,173,167.75
28-Dec-14,169.07,169.07,169.07,169.07
29-Dec-14,165.15,167.65,168.65,164.65
30-Dec-14,164.8,164.5,166.45,164.5
31-Dec-14,166.6,164.95,171.3,164
2-Jan-15,161.05,165.05,167.25,160.2
5-Jan-15,168.1,160.95,168.65,160.1
6-Jan-15,174.9,168.05,175.4,168.05
7-Jan-15,175.05,175.6,182.85,173
8-Jan-15,176.9,175.8,182.35,174.3
9-Jan-15,180.05,177.75,183.85,177.75
12-Jan-15,176.75,181.25,184.9,175.3
13-Jan-15,176.95,177,178.9,173.85
14-Jan-15,179.85,178.25,184.8,177.6
15-Jan-15,176.65,180,182.85,175.2
16-Jan-15,171,177.5,177.6,170.4
20-Jan-15,164.3,170.1,172.5,163.85
21-Jan-15,161.25,166.05,166.85,161
22-Jan-15,159.95,161.4,163.55,159.7
23-Jan-15,162.45,160.7,162.85,159.4
26-Jan-15,161.85,162.2,165.25,160.75
27-Jan-15,168.2,162.3,168.5,161.7
28-Jan-15,167.7,167.05,169.9,165.6
29-Jan-15,160,167.9,167.95,158.7
30-Jan-15,161.9,160.1,162.25,159.2
2-Feb-15,162.45,162.4,163.65,159.7
3-Feb-15,160.75,162.8,163.4,158.4
4-Feb-15,164.9,161.55,167,160.15
5-Feb-15,164.75,164.45,166.4,163.3
6-Feb-15,166.85,165.45,169.75,165.05
9-Feb-15,167.6,166.5,168.1,163.8
10-Feb-15,159.4,167.05,169.25,158.8
11-Feb-15,159.45,160.3,161.35,159
12-Feb-15,164.55,160.05,164.95,159.3
13-Feb-15,163.2,164.6,165.85,162.15
17-Feb-15,155.65,164,165.75,154.5
18-Feb-15,152.8,156.15,157.85,152.05
19-Feb-15,149.2,152.6,153.85,149.4
20-Feb-15,148.65,150.2,151.35,147
23-Feb-15,144.45,147.95,149.75,145.25
24-Feb-15,145.35,144.8,145.5,143.55
25-Feb-15,139.75,147.05,147.05,140.05
26-Feb-15,136.55,140,140.3,139.8
27-Feb-15,136.75,139.2,139.2,136.45
2-Mar-15,135.1,138.55,138.55,134.85
3-Mar-15,126.25,134.15,134.15,134.15
4-Mar-15,134.05,129.3,130.7,129.05
5-Mar-15,131.55,133.5,133.95,133.2
6-Mar-15,136.5,131.65,131.95,131.65
9-Mar-15,133.65,136.5,136.55,131.5
10-Mar-15,131.7,133.1,133.1,133.1
11-Mar-15,131.75,134.65,137.1,131.15
12-Mar-15,128.85,130.25,130.25,130.25
13-Mar-15,129.8,132.55,134.05,128.75
16-Mar-15,134.9,133.35,134.75,132
17-Mar-15,133.95,134.05,134.05,132.6
18-Mar-15,136.25,134.45,137,131.45
19-Mar-15,140,136.35,136.35,136.35
20-Mar-15,143.35,143,143.9,140.5
23-Mar-15,141.85,142,144.3,139.4
24-Mar-15,137.3,142,145.4,136.15
25-Mar-15,139.95,137.3,142.35,136
26-Mar-15,140.25,140,142.8,138.3
27-Mar-15,138.2,139.75,140.8,136.55
30-Mar-15,132.35,138.8,138.9,131.8
31-Mar-15,132.9,133,135.95,131.9
1-Apr-15,134.85,133.4,139.8,133.05
2-Apr-15,140.9,134.15,141.45,134.05
6-Apr-15,146.2,140.9,147.35,140.2
7-Apr-15,141.95,145.5,145.75,141.2
8-Apr-15,135.7,141.75,144.4,135.1
9-Apr-15,137.45,135.9,137.9,133.6
10-Apr-15,135.1,137.4,138.45,133.8
13-Apr-15,133.75,135.15,138.1,132.95
14-Apr-15,134.6,133.85,136.1,131.95
15-Apr-15,135.8,134.6,138,133.85
16-Apr-15,139.6,136.9,140.8,136.1
17-Apr-15,138.7,139.4,141.25,137.8
20-Apr-15,138.7,138.4,140,134.25
21-Apr-15,140.3,139.2,142.7,138.2
22-Apr-15,142.4,139.65,145,139.65
23-Apr-15,140.45,142.05,143.85,140.65
24-Apr-15,141.15,141.25,142.8,140.85
27-Apr-15,136.1,140,140.35,134.3
28-Apr-15,138.15,136.55,137.8,135.25
29-Apr-15,138.35,137.65,137.65,136.9
30-Apr-15,136.55,138.8,143.3,137.2
1-May-15,133.45,137,137,131.4
4-May-15,131.85,132.5,132.5,131.5
5-May-15,132.55,131.7,132.8,131.5
6-May-15,128.05,132.4,132.4,127.85
7-May-15,130.85,129.05,129.9,129.05
8-May-15,132.9,134.1,134.1,132
11-May-15,133.35,133.5,133.65,133.5
12-May-15,134.5,132.95,132.95,132.95
13-May-15,134.4,134.75,134.75,134.75
14-May-15,135.65,135.5,135.5,135.5
15-May-15,137.2,137.95,137.95,137.95
18-May-15,141.65,137.6,137.6,137.6
19-May-15,139.85,143,143.85,138.2
20-May-15,136,139.55,141.4,135.55
21-May-15,128.45,136.15,136.75,127.85
22-May-15,126.95,129.5,129.7,125.8
26-May-15,124.05,128,128.6,123.65
27-May-15,124.5,124.75,126.75,123.55
28-May-15,125.15,124.95,127.05,123.8
29-May-15,126.15,125.6,127.05,124.55
1-Jun-15,129.8,128.2,132.15,128.15
2-Jun-15,132.7,129.35,134,128.9
3-Jun-15,134.3,132.7,135.15,130.6
4-Jun-15,135.7,134.3,137,133.2
5-Jun-15,135.1,135,136.4,132.9
8-Jun-15,136.55,135,137.4,134.2
9-Jun-15,137.35,136.45,137.7,133.55
10-Jun-15,136.45,137.55,138.85,135.55
11-Jun-15,132,135.4,135.7,131.2
12-Jun-15,132.05,132,135.35,130.6
15-Jun-15,127.8,131.05,131.6,127.2
16-Jun-15,129.35,128.75,130.35,127.9
17-Jun-15,126.65,129,130,126.45
18-Jun-15,128.7,127.55,130.2,126.6
19-Jun-15,127.15,128.75,129.8,124.8
22-Jun-15,130.35,127,130.5,126.65
23-Jun-15,127.7,129.65,132.5,126.85
24-Jun-15,133.3,128.4,133.85,127.9
25-Jun-15,133.35,132,133.35,130.95
26-Jun-15,131.7,130.75,134.6,130.75
29-Jun-15,130.8,128.4,131.35,128.4
30-Jun-15,132.4,133,133.75,129.75
1-Jul-15,125.1,130.15,130.15,126.05
2-Jul-15,125.6,127.15,127.15,125.15
6-Jul-15,123.3,125.9,125.9,123.75
7-Jul-15,122.9,123,123,122.2
8-Jul-15,123.15,123,123.1,123
9-Jul-15,122.75,123.4,123.4,123.4
10-Jul-15,122.95,123.15,123.15,123.15
13-Jul-15,126.6,125.85,125.85,125.85
14-Jul-15,129.85,129.6,130.3,129.6
15-Jul-15,128,130.2,130.2,128.35
16-Jul-15,127.45,128,128,127.35
17-Jul-15,128.4,128.4,129.55,127.35
20-Jul-15,125.85,126.5,126.5,126.5
21-Jul-15,125.95,127.1,128.2,125.7
22-Jul-15,125.05,126.4,128,124.45
23-Jul-15,121.55,125.45,126.35,121.1
24-Jul-15,122.25,122.4,124.6,120.65
27-Jul-15,120.4,122.2,122.3,119.85
28-Jul-15,120.25,119.95,122.6,119.9
29-Jul-15,122.15,120.5,123.1,120.1
30-Jul-15,124.9,122.2,125.35,122.05
31-Jul-15,125.25,125.15,127.65,124.15
3-Aug-15,123.95,125.1,125.2,121.75
4-Aug-15,124.9,123.9,126.2,123
5-Aug-15,125.9,124.5,126.45,123.25
6-Aug-15,124.25,125.5,128.45,123.95
7-Aug-15,127.8,124.25,128.85,123.65
10-Aug-15,133.5,127.15,133.9,127
11-Aug-15,137.2,133.75,137.55,133.4
12-Aug-15,131.85,137.25,138.05,131.4
13-Aug-15,137.05,131.95,138,131.9
14-Aug-15,137.5,137.5,139,136.3
17-Aug-15,134.75,135.95,137.35,134.35
18-Aug-15,135.3,134.7,136.35,133.1
19-Aug-15,131.15,136,136.9,130.9
20-Aug-15,127.65,131.5,131.85,127.55
21-Aug-15,121.9,128.55,128.75,121.95
24-Aug-15,117.5,121.2,121.95,117.15
25-Aug-15,117.05,118.4,120.15,117.5
26-Aug-15,118.7,117.65,119.2,117.1
27-Aug-15,121.05,120.75,122.45,120.7
28-Aug-15,120.45,120.75,121.3,120.6
31-Aug-15,120.55,121,121,121
1-Sep-15,117.05,119.55,119.55,119.55
2-Sep-15,114.7,117.25,117.25,115.4
3-Sep-15,116.2,115.4,116.45,114.7
4-Sep-15,115.85,116.5,116.5,115.7
8-Sep-15,117.7,116.7,116.75,116.2
9-Sep-15,121.18,120.95,122.45,119.6
10-Sep-15,116.7,119.63,119.88,116.28
11-Sep-15,113.35,113.2,113.2,113.2
14-Sep-15,117,114.9,114.9,114.9
15-Sep-15,118.45,119.95,121.3,117.78
16-Sep-15,113.8,115.55,115.55,115.55
17-Sep-15,118.25,117.93,119.13,116.7
18-Sep-15,118.28,118.75,120.25,116.9
21-Sep-15,117.25,118,119.8,116.35
22-Sep-15,115.45,116.8,117.3,115.05
23-Sep-15,116.2,115.45,117.2,114.75
24-Sep-15,118.3,115.75,119.45,114.55
25-Sep-15,122.7,120,123.35,119.9
28-Sep-15,119.15,122.7,122.7,118.3
29-Sep-15,120.85,119.15,122.9,117.95
30-Sep-15,121.35,121.1,122.6,118.85
1-Oct-15,120.75,121.3,122.45,119.1
2-Oct-15,124.3,121.25,125.25,119.35
5-Oct-15,127.55,125,129.65,124.3
6-Oct-15,128.1,127.05,129.05,126.15
7-Oct-15,126.05,127.7,130.25,124.5
8-Oct-15,128.45,126.05,128.8,125.2
9-Oct-15,131.6,129,134.25,128.95
12-Oct-15,134.5,131.7,137.6,131.7
13-Oct-15,134.35,134.7,137.1,133.1
14-Oct-15,134.65,134.7,137.5,133.8
15-Oct-15,133.7,134,135.95,132.25
16-Oct-15,125.85,132.25,132.4,125.05
19-Oct-15,123.9,126.1,126.2,123.5
20-Oct-15,124.75,123.8,125.4,123.25
21-Oct-15,121,124.8,124.95,120.55
22-Oct-15,119.85,121.5,122.1,119.75
23-Oct-15,118.45,119.8,120.8,117.55
26-Oct-15,117.3,118,118.95,116.3
27-Oct-15,117.3,117.7,118.45,116.6
28-Oct-15,119.1,117.45,119.95,117
29-Oct-15,120.3,119.45,120.55,118.2
30-Oct-15,120.95,121.05,121.95,119.15
2-Nov-15,118.8,121,121.4,118
3-Nov-15,120.25,118.65,121.7,117.8
4-Nov-15,120.5,120.05,122.35,119.8
5-Nov-15,120.9,120.1,122,118.75
6-Nov-15,117.75,120.75,121.15,116.9
9-Nov-15,117.75,118.05,119.7,116.95
10-Nov-15,116.3,118.25,118.55,115.75
11-Nov-15,116.8,116.65,117.65,116.35
12-Nov-15,115.3,116.95,117.15,115
13-Nov-15,112.15,115.85,116.2,111.6
16-Nov-15,114.35,112.5,115,112.2
17-Nov-15,114.25,114.7,115.9,113.7
18-Nov-15,112.75,114,114.95,111.85
19-Nov-15,119.9,112.5,120.05,112.5
20-Nov-15,121.9,120.95,123.95,120.3
23-Nov-15,119.95,122.3,122.3,118.85
24-Nov-15,122.45,121.25,123,120.15
25-Nov-15,122.9,122.65,122.65,120.6
27-Nov-15,121,120.95,120.95,120.8
30-Nov-15,116.9,120.6,120.6,115.85
1-Dec-15,117.15,116.3,116.55,115.75
2-Dec-15,117.8,116.9,117.6,116.9
3-Dec-15,122.05,120.1,120.1,120.1
4-Dec-15,124,122.25,123.5,122.25
7-Dec-15,122.65,123.55,123.9,122.55
8-Dec-15,125.57,122.55,126.93,122.55
9-Dec-15,123.85,122.75,124.6,122.75
10-Dec-15,126.32,126.5,127.63,124.95
11-Dec-15,121.28,126.28,126.32,120.88
14-Dec-15,117.25,117.25,117.5,116.2
15-Dec-15,119.78,120.5,121.7,119.03
16-Dec-15,118.1,119.2,119.2,119.2
17-Dec-15,117.8,117.05,117.55,117.05
18-Dec-15,118.72,118.9,120.38,118.3
21-Dec-15,117.5,118.25,119.25,116.8
22-Dec-15,119.15,117.75,119.45,117.6
23-Dec-15,120.95,119.2,121.4,118.2
24-Dec-15,119.7,121,121.4,118.9
28-Dec-15,119.15,119.7,119.8,118.3
29-Dec-15,121.45,118.85,122.4,118.4
30-Dec-15,123.65,121.5,123.75,121.25
31-Dec-15,126.7,123.8,126.8,123.65
4-Jan-16,123.9,126.15,126.3,122.05
5-Jan-16,123,123.9,125.1,121.75
6-Jan-16,119.95,123.05,123.25,119.5
7-Jan-16,118.45,119.05,119.2,117.9
8-Jan-16,119,119.6,119.9,118.25
11-Jan-16,114.45,118,118.05,113.6
12-Jan-16,114.35,114.5,115.3,113.6
13-Jan-16,114.8,114.5,115.9,114.35
14-Jan-16,115.9,114.8,116.1,113.5
15-Jan-16,114.9,115.6,115.65,113.65
19-Jan-16,115.65,114.3,116.6,113.6
20-Jan-16,111.6,114.65,114.7,111.05
21-Jan-16,114.4,112,114.65,111.6
22-Jan-16,116,115,117.5,114.7
25-Jan-16,116.45,114.7,117.15,114.15
26-Jan-16,116.7,116.15,117.2,114.65
27-Jan-16,118.2,116.55,120.3,116.3
28-Jan-16,119.15,118.2,120.05,117.8
29-Jan-16,116.35,119.25,119.85,115.85
1-Feb-16,117.75,115.8,117.95,114.95
2-Feb-16,119.85,117.45,120.5,116.75
3-Feb-16,121.55,119.7,121.7,118.1
4-Feb-16,123.2,121.4,123.8,121.35
5-Feb-16,120.4,123.4,124,120.1
8-Feb-16,115.75,120,120,115.65
9-Feb-16,114.75,115.95,116.75,114.6
10-Feb-16,114.75,114.7,116.1,114.55
11-Feb-16,113,114.9,115.1,112.5
12-Feb-16,115.55,113.75,117.25,113.75
16-Feb-16,114.9,116.4,117.55,113.9
17-Feb-16,114.55,115,115.8,113.85
18-Feb-16,114.15,114.7,115.1,113.2
19-Feb-16,115.75,114.25,116.65,114
22-Feb-16,119.85,116.2,120.35,116.2
23-Feb-16,117.8,119.5,119.5,118
24-Feb-16,115.05,117.1,117.5,113.4
25-Feb-16,114.65,115.4,117,115.15
26-Feb-16,113,114.35,114.35,113.35
29-Feb-16,112.65,112.3,113.35,112.25
1-Mar-16,112.5,114.3,114.3,111.5
2-Mar-16,113.35,112.35,113.9,111.35
3-Mar-16,115.6,114.3,115.4,114.3
4-Mar-16,121,117.85,121.28,117.85
7-Mar-16,118.65,117.65,119.25,117.2
8-Mar-16,120.2,119,120.8,116.9
9-Mar-16,120.85,121.1,121.15,121.1
10-Mar-16,120.6,119.6,119.6,118.6
11-Mar-16,124.4,123,124.05,123
14-Mar-16,125.6,125,125,123.35
15-Mar-16,124.1,125,125,125
16-Mar-16,127.4,124.25,127.5,124.25
17-Mar-16,132,127.75,134.4,127.75
18-Mar-16,133.85,132.1,134.25,132.1
21-Mar-16,131.55,133.7,133.7,130.65
22-Mar-16,134.65,132,134.9,131.75
23-Mar-16,131.1,135,136.4,129.3
24-Mar-16,127.55,130.95,130.95,127.4
28-Mar-16,128.55,127.45,129.55,126.5
29-Mar-16,127.45,128.6,128.65,126.15
30-Mar-16,127,128.25,130,126.2
31-Mar-16,127.45,127.45,128.15,125.2
1-Apr-16,127.25,127.35,127.9,124.4
4-Apr-16,122.8,125.8,126.55,122.3
5-Apr-16,120.9,122.85,122.85,120.55
6-Apr-16,121.5,121.45,122.15,120
7-Apr-16,119.8,122.35,122.6,119.6
8-Apr-16,120.45,119.8,121.3,119.05
11-Apr-16,123.35,121.35,123.65,119.8
12-Apr-16,124.6,123.4,125.2,122.65
13-Apr-16,121.75,124,125.5,121.45
14-Apr-16,123.15,122.5,124.5,120.75
15-Apr-16,122.95,123.3,124.35,121.6
18-Apr-16,124,123.1,125.9,122.5
19-Apr-16,125.85,124.2,127.35,123.85
20-Apr-16,127.15,126.2,127.65,125.9
21-Apr-16,123.55,128.15,130,123.4
22-Apr-16,122.75,123.5,123.7,122
25-Apr-16,123.1,122.5,123.2,122.3
26-Apr-16,125.25,123.6,125.95,123.6
27-Apr-16,121.05,125.5,126.25,121.2
28-Apr-16,120.4,121.25,121.65,120
29-Apr-16,120.85,120.75,121.8,120.55
2-May-16,119.1,122.1,122.1,119
3-May-16,118.6,120.8,120.8,118.7
4-May-16,119.1,118.9,119.15,118.8
5-May-16,120.9,120.4,120.5,120.4
6-May-16,123.45,124,124,122.55
9-May-16,126.53,125.65,126.6,123.28
10-May-16,126.9,125.9,125.9,125.9
11-May-16,129.77,128.6,129.77,126.88
12-May-16,128.2,128.75,128.75,127.3
13-May-16,128.8,127.85,127.85,127.8
16-May-16,132.7,128.75,131.95,128.75
17-May-16,131.85,132.6,132.6,132.6
18-May-16,129.3,128.85,129.65,128.15
19-May-16,123.95,128.95,129,123.7
20-May-16,124.7,124.75,125.95,124.25
23-May-16,122.15,124.5,124.7,122
24-May-16,121.8,122.45,123.3,121.55
25-May-16,121.4,122.45,122.95,121.2
26-May-16,121.5,121.9,122.15,121.2
27-May-16,121.3,122.1,122.35,120.8
31-May-16,121.55,121.55,123.9,121.35
1-Jun-16,121.9,121.5,123.1,120.85
2-Jun-16,123,122.5,124.4,122.15
3-Jun-16,127.1,122.6,127.4,122.5
6-Jun-16,131.7,127.3,132.05,127.1
7-Jun-16,132.2,131.7,133.3,129.6
8-Jun-16,139.65,131.6,139.85,130.3
9-Jun-16,133.95,139.2,145,133.55
10-Jun-16,136.95,134,137.95,132
13-Jun-16,137.3,140.1,140.1,132.15
14-Jun-16,135.1,135.55,136.75,133.5
15-Jun-16,138.2,134.7,138.55,134.5
16-Jun-16,139.5,137.85,141.75,135.8
17-Jun-16,140.75,139.65,142.15,138.6
20-Jun-16,139.5,139,140.4,137.6
21-Jun-16,138.5,138.8,139.35,136.4
22-Jun-16,136.95,138.5,139.6,136.5
23-Jun-16,139.25,137,139.4,137
24-Jun-16,134.35,138.5,138.5,133.5
27-Jun-16,134.5,134.65,135.5,133.5
28-Jun-16,138.9,137.5,140,137.5
29-Jun-16,142.85,140.5,142.95,140.4
30-Jun-16,144.1,144.9,146.05,140.95
1-Jul-16,144.85,143.45,145.5,143.45
5-Jul-16,144.2,145.6,145.6,143
6-Jul-16,141.95,142.5,142.5,140.3
7-Jul-16,140.45,143,143,140
8-Jul-16,142.75,142.5,142.5,142.5
11-Jul-16,147.95,144.85,148,144.85
12-Jul-16,145.95,149.7,149.7,145.7
13-Jul-16,146.2,145.9,147.7,145.9
14-Jul-16,150.3,147.6,149.45,147.6
15-Jul-16,145.7,153,153.05,150
18-Jul-16,147.8,145.7,145.7,145.7
19-Jul-16,146.82,150.98,151.25,146.27
20-Jul-16,147,146.1,148.65,145.2
21-Jul-16,146.85,147.8,149.75,146.25
22-Jul-16,141.9,146.7,146.95,140.35
25-Jul-16,141.1,142.7,142.7,139.05
26-Jul-16,141.6,141.6,143.05,140.4
27-Jul-16,141.2,142.2,142.7,139.6
28-Jul-16,142.15,142.05,142.5,139.4
29-Jul-16,146.2,142.4,146.35,140.3
1-Aug-16,143.45,145,145.75,143.2
2-Aug-16,141.25,143.85,145.75,140.55
3-Aug-16,140.4,141.25,142.1,139.85
4-Aug-16,142.1,140.4,143.25,136.95
5-Aug-16,142.5,142.9,143.9,141.25
8-Aug-16,141.1,142.95,144.3,140.35
9-Aug-16,141.1,141.5,142.25,138.55
10-Aug-16,138.65,141.55,141.75,138.55
11-Aug-16,137.7,138.3,138.8,136.55
12-Aug-16,136.85,138.05,138.4,136.5
15-Aug-16,136.95,136.95,140.75,136.3
16-Aug-16,137.4,136.75,137.9,136.35
17-Aug-16,135.05,137.3,137.4,134.9
18-Aug-16,138.15,135.5,138.95,135.15
19-Aug-16,138.8,138.45,139.9,137.45
22-Aug-16,144.1,139,144.3,138.5
23-Aug-16,145.3,144.25,145.6,142.75
24-Aug-16,142.15,145.8,145.8,141.5
25-Aug-16,143.5,140.15,143.5,140.15
26-Aug-16,143.9,144.7,146.15,142.35
29-Aug-16,144,144.8,145.8,143.9
30-Aug-16,144.75,144.6,144.7,142.3
31-Aug-16,145.9,144.75,145.4,144.7
1-Sep-16,150.1,150.75,151.4,150.45
2-Sep-16,150.1,150.5,151.05,150
6-Sep-16,152.45,151.9,152.15,150.35
7-Sep-16,153.85,153.7,153.7,153.7
8-Sep-16,153.7,153.1,153.1,153
9-Sep-16,149.95,152.85,152.85,150
12-Sep-16,149.7,147.8,147.8,147.8
13-Sep-16,147.35,149.3,149.3,149.3
14-Sep-16,147.8,147,147.45,147
15-Sep-16,147.6,148.2,148.2,148.2
16-Sep-16,147.1,147.35,147.6,147.35
19-Sep-16,151.5,149.3,152.6,149.3
20-Sep-16,156.9,152.9,157.73,152.77
21-Sep-16,156.55,156.6,158.8,156
22-Sep-16,155.25,156.55,160.9,154.7
23-Sep-16,151.4,154.25,154.75,151.3
26-Sep-16,153.55,151.5,153.8,149
27-Sep-16,153.7,153.25,154.35,151.5
28-Sep-16,153.1,153.9,154.6,151
29-Sep-16,150.15,153.85,154.95,149.9
30-Sep-16,151.55,149.7,152.65,148.75
3-Oct-16,147.55,151.1,151.7,147.15
4-Oct-16,147.45,147.55,148.65,146.75
5-Oct-16,148.2,148,151.15,147.7
6-Oct-16,146.4,148.5,148.85,146.1
7-Oct-16,148,146.25,149.45,145.2
10-Oct-16,152.85,148.2,153.45,148.05
11-Oct-16,150.8,152.85,153.2,150.5
12-Oct-16,152.1,151.3,152.85,150.4
13-Oct-16,152.7,152.3,153.7,151.65
14-Oct-16,155.4,153.4,155.9,153.15
17-Oct-16,157.1,154.9,157.35,154.55
18-Oct-16,158.75,157.5,159.6,157.1
19-Oct-16,157.85,158.3,158.55,156.3
20-Oct-16,155.9,157.7,158.3,155.35
21-Oct-16,156.1,155.6,157.45,155.1
24-Oct-16,157.9,156.05,159.3,155.65
25-Oct-16,164.5,158.65,164.75,158.35
26-Oct-16,163.7,163.4,165.75,163.2
27-Oct-16,164.8,163.6,166.4,162.25
28-Oct-16,165.5,165.1,166.9,163.45
31-Oct-16,164.15,164.25,165.85,163
1-Nov-16,161.45,163.25,165.4,161.15
2-Nov-16,162.9,160.75,164.35,160.35
3-Nov-16,165.65,163.05,166.6,163
4-Nov-16,171.35,165.55,172,165.1
7-Nov-16,174.35,170,175.65,170
8-Nov-16,167.5,175,176,167.25
9-Nov-16,170.1,165.2,170.75,163.2
10-Nov-16,161.85,170.9,172.9,161.55
11-Nov-16,159.45,161.7,163.85,157.9
14-Nov-16,161.8,159,162.65,157.45
15-Nov-16,161.8,162.4,165.3,160.3
16-Nov-16,161.25,161.9,162.75,160.1
17-Nov-16,159.3,161.4,161.7,158.7
18-Nov-16,157.85,158.75,161,157.45
21-Nov-16,158.65,158.25,159.5,155
22-Nov-16,157.25,158.4,159.55,157.1
23-Nov-16,154.65,156.9,157.25,154.4
25-Nov-16,152.3,154.95,154.95,151.4
28-Nov-16,153,152.65,153.35,151.9
29-Nov-16,149.9,152.65,152.65,149.85
30-Nov-16,147.5,149.5,150,147.4
1-Dec-16,141.8,147.65,147.9,142.15
2-Dec-16,141.2,141.65,144,140.4
5-Dec-16,140.2,142.15,143.6,141.45
6-Dec-16,137.95,138.3,138.3,138.2
7-Dec-16,137.9,139.4,139.4,139.4
8-Dec-16,141.57,142.6,143.43,140.68
9-Dec-16,139.38,141.72,142.57,138.98
12-Dec-16,138.05,135.15,138,135.15
13-Dec-16,138.9,139.7,139.75,139.3
14-Dec-16,144.18,143,144.8,141.02
15-Dec-16,138.3,136.8,136.8,136.8
16-Dec-16,138.2,138.85,139,138.85
19-Dec-16,141.2,141.15,141.15,138.85
20-Dec-16,143.85,145,145.25,142.35
21-Dec-16,144.55,143.1,144.8,142.35
22-Dec-16,139.1,144.05,144.3,138.65
23-Dec-16,136.15,139,139.75,135.95
27-Dec-16,134.2,136,136.75,133.35
28-Dec-16,133.5,134.65,136,132.85
29-Dec-16,135.45,133.5,138.35,133.15
30-Dec-16,137.05,135.7,138.85,135.55
3-Jan-17,137.4,137.8,139.05,134.4
4-Jan-17,141.8,137.5,142.95,137.45
5-Jan-17,143.75,142,145.45,141.75
6-Jan-17,142.85,143.5,144.5,142.05
9-Jan-17,144.2,142.15,146.5,140.75
10-Jan-17,147.7,144.25,147.9,144.15
11-Jan-17,149,147.85,150.9,147.45
12-Jan-17,149.6,149.3,151.6,148.55
13-Jan-17,149.3,149.05,149.9,147.35
17-Jan-17,149.9,148.8,150.75,148.1
18-Jan-17,149.2,149.7,150,146.75
19-Jan-17,150.75,149.25,151.45,148.55
20-Jan-17,153.2,150.55,153.35,150.55
23-Jan-17,155.4,153,156.75,152.9
24-Jan-17,152.35,154.15,156.95,151.8
25-Jan-17,152.9,151.6,155.6,151.3
26-Jan-17,151.45,153.85,154.3,150.35
27-Jan-17,152.4,151.25,153.4,150.25
30-Jan-17,151.15,151.7,152.05,149.7
31-Jan-17,149.55,151,152.5,146.6
1-Feb-17,150.15,149.55,151.7,147.55
2-Feb-17,145.95,150.15,151.25,145.7
3-Feb-17,146.25,145.2,147.7,144.7
6-Feb-17,144.2,146,146.9,143.95
7-Feb-17,142.6,144.3,144.5,142.55
8-Feb-17,142.9,143,144.25,141.7
9-Feb-17,145.2,143.4,145.7,142.85
10-Feb-17,145.75,145.05,146.85,144.8
13-Feb-17,144.25,145.75,146,143.5
14-Feb-17,143.65,144.75,145.8,142.5
15-Feb-17,144.5,143.25,145.05,142.1
16-Feb-17,146.3,145,146.65,145
17-Feb-17,147.8,146.7,148.7,145.2
21-Feb-17,150.35,149.2,150.9,148.35
22-Feb-17,149.2,150.1,151.4,148.95
23-Feb-17,147.85,149.5,150.6,148.45
24-Feb-17,144.4,148.45,148.45,143.65
27-Feb-17,139.1,144,144,140
28-Feb-17,140.7,139.7,140.7,138.6
1-Mar-17,142.65,140.2,141,140.1
2-Mar-17,142.2,143.25,143.3,143.25
3-Mar-17,141.25,142.6,142.75,140.8
6-Mar-17,139.65,139.6,139.6,139.6
7-Mar-17,139,139.75,139.75,138.9
8-Mar-17,141.52,141.15,142.5,139.68
9-Mar-17,138.75,139.2,139.6,139
10-Mar-17,141.38,140.55,141.88,140.18
13-Mar-17,140.5,137.45,138.8,137.4
14-Mar-17,139.6,140.75,140.75,139.9
15-Mar-17,141.18,141.5,142.18,140.45
16-Mar-17,139.75,138.55,141.1,138.55
17-Mar-17,140.8,140.45,140.45,140.45
20-Mar-17,145.02,142.5,145.38,141.95
21-Mar-17,143.5,144.7,144.7,144.7
22-Mar-17,141.7,144.45,144.45,141.15
23-Mar-17,140.5,141.5,141.85,139.55
24-Mar-17,137.6,140.05,140.3,137.1
27-Mar-17,139.2,137.2,139.35,136.2
28-Mar-17,138.85,139.3,139.65,137.75
29-Mar-17,139.3,138.8,140.3,137.55
30-Mar-17,139.3,139.3,140.05,138.6
31-Mar-17,139.3,139.35,140.05,137.9
3-Apr-17,137.85,138.8,142.8,137.5
4-Apr-17,137.75,137.85,138.5,136.25
5-Apr-17,137.3,138.5,139.25,137
6-Apr-17,137.75,137.3,138.95,137.1
7-Apr-17,140.05,138,140.3,136.6
10-Apr-17,139.85,140,141.15,139.05
11-Apr-17,140.2,139.85,140.65,139.35
12-Apr-17,138.3,140.35,142,137.6
13-Apr-17,138.9,138.5,140.1,138.5
17-Apr-17,141.1,139.1,141.55,138.55
18-Apr-17,142.9,140.7,143.35,139.75
19-Apr-17,138,142.65,143.7,137.25
20-Apr-17,131.65,139.55,140,131.35
21-Apr-17,129.85,132,132.2,128.8
24-Apr-17,129.5,130.45,131.3,129.1
25-Apr-17,129.9,129.55,130.55,129.45
26-Apr-17,128.15,130.7,130.7,129
27-Apr-17,127.1,128.45,128.45,127.65
28-Apr-17,131.05,127.45,127.55,126.7
1-May-17,133.6,134.65,135,134.65
2-May-17,134,134.1,134.1,132.75
3-May-17,135,134,134,134
4-May-17,135.05,136.88,136.98,132.4
5-May-17,133.1,132.9,133,132.4
8-May-17,136.93,135.82,137.07,135.3
9-May-17,135.38,136.73,136.98,134.82
10-May-17,136.4,135.2,136.75,134.8
11-May-17,134.27,136.68,137.25,133.52
12-May-17,134.82,134.22,135.62,133.67
15-May-17,133.35,134.62,135.47,133.17
16-May-17,131.57,132.92,134.1,131.22
17-May-17,134.57,132.02,135.22,130.07
18-May-17,127.4,129.2,129.2,127.7
19-May-17,132.1,128.95,133.4,128.95
22-May-17,130.6,132.1,133,129.55
23-May-17,130.25,130.6,131.7,129.9
24-May-17,128.55,130.4,130.7,128
25-May-17,129.3,128.55,130,127.15
26-May-17,131.2,129.5,132.2,128.6
30-May-17,132.1,130.65,132.75,130.5
31-May-17,129.35,132.1,133.4,128.3
1-Jun-17,127.7,129.5,130,127.5
2-Jun-17,125.55,128,128.15,125.25
5-Jun-17,128.45,126.05,129.45,125.7
6-Jun-17,125.55,129.2,129.6,125.45
7-Jun-17,125.75,126.05,126.8,125.45
8-Jun-17,126.35,126.15,126.75,125.35
9-Jun-17,126.55,126.5,128.75,126.4
12-Jun-17,127.6,127.55,129.1,126.75
13-Jun-17,126.4,127.5,128.2,125.75
14-Jun-17,125.55,126.5,127.9,125.3
15-Jun-17,125.8,126.25,127.65,125.6
16-Jun-17,123.55,126.05,127.1,123
19-Jun-17,124.2,123.8,124.55,123.2
20-Jun-17,121.95,123.7,124.05,120.8
21-Jun-17,119.35,121.95,122.15,119.15
22-Jun-17,113.45,119.65,119.9,113
23-Jun-17,119.95,115.1,120.25,115.1
26-Jun-17,121.95,121.6,122.95,121.6
27-Jun-17,122.75,122.5,123.6,122.5
28-Jun-17,122.75,123.45,123.45,121.9
29-Jun-17,124.75,124.1,125.35,123.3
30-Jun-17,124.05,124.05,125,124
3-Jul-17,127.67,126.67,129.47,126.38
5-Jul-17,127.65,126.25,128.65,126.25
6-Jul-17,129.2,129.7,131.27,127.58
7-Jul-17,128.92,129.4,129.4,126.85
10-Jul-17,126.25,127.7,127.75,126
11-Jul-17,124.45,126.85,126.85,125
12-Jul-17,126,125,125.25,125
13-Jul-17,131.17,128.2,131.82,127.85
14-Jul-17,133.7,131.38,134.02,131.38
17-Jul-17,133.42,133.95,134.97,131.82
18-Jul-17,134.7,133,135.27,132.82
19-Jul-17,131.2,132.3,132.3,132
20-Jul-17,135,135.1,135.8,134.15
21-Jul-17,136.55,135.05,136.85,134.8
24-Jul-17,132.55,135.55,135.8,132.4
25-Jul-17,130.6,133,133.2,129.35
26-Jul-17,134.8,130.6,135.2,129.85
27-Jul-17,135.95,135.1,136.65,134.1
28-Jul-17,137.85,135.65,138.9,134.9
31-Jul-17,139.25,137.3,139.35,137.05
1-Aug-17,137.85,139.25,139.55,135.75
2-Aug-17,140.35,138,141.2,137.45
3-Aug-17,140.2,140.7,141.55,138.8
4-Aug-17,140.15,139.6,141.5,139.1
7-Aug-17,142.05,139.7,142.8,139.5
8-Aug-17,142.75,142.05,143.75,141.9
9-Aug-17,142.65,142,143.4,140.25
10-Aug-17,138.5,142.35,143.4,137.7
11-Aug-17,140.3,138.5,140.8,136.85
14-Aug-17,136.95,139.55,139.85,136.35
15-Aug-17,132,137,137,131.55
16-Aug-17,130.95,132.85,133.55,130
17-Aug-17,128.45,131.35,131.5,127.5
18-Aug-17,128.05,129,129.35,126.75
21-Aug-17,126.4,128.45,128.95,126
22-Aug-17,125.85,126.5,127,125.5
23-Aug-17,126.25,126.8,127.5,126.1
24-Aug-17,126.7,126.3,127.2,125.9
25-Aug-17,130.2,128,130,126.95
28-Aug-17,129.9,130.45,131,129.55
29-Aug-17,127.3,130.15,130.15,127.15
30-Aug-17,126.95,127.85,127.85,125.75
31-Aug-17,128.15,127.5,127.5,127.5
1-Sep-17,127.75,128.9,128.9,128.3
5-Sep-17,128.1,128.62,131.07,127.22
6-Sep-17,126.6,127.5,127.5,127.5
7-Sep-17,127.9,126.35,128.4,125.95
8-Sep-17,130.57,129.04,130.97,129.04
11-Sep-17,130.6,129.65,129.65,128.75
12-Sep-17,133.8,132.75,132.75,132.75
13-Sep-17,136.6,134.6,136.4,133.55
14-Sep-17,135.85,137,137.25,137
15-Sep-17,140,139.25,140.15,139.25
18-Sep-17,138.95,141.35,141.35,139.45
19-Sep-17,134.9,139.77,140.38,134.57
20-Sep-17,136.55,135.35,137.45,132.9
21-Sep-17,135,136.2,136.2,133.65
22-Sep-17,134.45,135.8,136.2,134.05
25-Sep-17,131.55,133.65,133.7,131.35
26-Sep-17,132.25,131.55,133.65,130.85
27-Sep-17,129.35,131.95,132.15,129
28-Sep-17,128.5,129.45,129.7,127.5
29-Sep-17,128.05,128.95,129.15,127.25
2-Oct-17,127.2,127.8,128,125.3
3-Oct-17,125.45,127.4,127.8,125.4
4-Oct-17,125.15,126.2,126.4,124.4
5-Oct-17,127.2,125.75,127.65,124.3
6-Oct-17,130,127.9,130.7,127.4
9-Oct-17,130.95,131,131.9,129.8
10-Oct-17,131,131,132.7,130.05
11-Oct-17,126.8,129.8,129.85,126.55
12-Oct-17,126.35,127.2,127.8,125.4
13-Oct-17,126.45,126.4,127.15,125.45
16-Oct-17,123.75,126.1,126.45,123.7
17-Oct-17,124.15,123.75,125.05,123
18-Oct-17,124.3,124.15,124.7,123
19-Oct-17,126.85,124.75,128.05,124.5
20-Oct-17,125.25,126.95,127.95,124
23-Oct-17,124.35,125.1,126.5,123.85
24-Oct-17,123.2,124.25,124.75,122.85
25-Oct-17,124.72,123.45,125.25,123.15
26-Oct-17,124.55,124.4,124.9,123
27-Oct-17,126.6,124,127.5,123.7
30-Oct-17,125.9,127,127.75,125.05
1-Nov-17,122.95,124.7,126.2,121.2
2-Nov-17,126.4,123.35,127.6,122.55
3-Nov-17,123.95,127.15,127.4,126.25
6-Nov-17,125.55,123.95,126.4,122.25
7-Nov-17,124.7,125.5,125.8,123.1
8-Nov-17,125.75,125.05,125.9,124.2
9-Nov-17,126.4,125.55,127.4,125
10-Nov-17,127.55,126.05,128.35,125.5
13-Nov-17,127.6,127.5,128.15,126.65
14-Nov-17,127.05,127.55,129,124.25
15-Nov-17,126.8,126.85,127.53,126.28
